Comment,Label
"Sản phẩm ok nhé, Ghi nồi 3L nhưng không biết là dung tích lòng nồi hay toàn nồi, mà cái nồi to đùng, to hơn cái 4L2 mẹ mình mua của hãng khác. Nồi sử dụng ổn, bên ngoài đen bóng nhìn sang, dễ sử dụng. Nhưng bên trong ngay các khớp nối ngay tay cầm thì nhựa thấy rõ và trông rất kém sang, cũng may nó ở bên trong nên bình thường không thấy. Khay đựng thức ăn mỏng manh. Nồi nấu ngon nha",Positive
"Mình mua về dùng được mấy tháng rồi mới nhận xét. Nồi dùng rất tiện, hoàn toàn oke, không có vấn đề gì cả. Chỉ là lúc cọ rửa cái rổ nướng thì khó chịu tí thôi. Nên khi nào nướng mấy miếng thịt hoặc cá nhỏ mình thường cho vào cái khay tròn nhỏ nhỏ kia để rửa cho nhanh.",Positive
"nhận hàng cực nhanh các mom ạ. mệt mỏi bữa giờ theo cá rán, tôm rán. chùi bếp ngất ngư. nay đỡ rồi. chưa dùng nhưng nhận hàng rất là ưng ý. sau này sử dụng sẽ review thêm cho các mom nhé. mới nhận hàng tức thì luôn ý. sang chảnh hẳn cái bếp của tui. tuy nhiên bộ quà tặng chắc cho con chơi đồ hàng vì mùi nhựa quá nồng",Positive
"Tuyệt vời ông mặt trời lun. Ngày trước cứ phân vân không muốn mua. Vừa rồi sale nên quyết định mua về dùng thử. Không biết có tốn điện nhiều không nhưng chiên rất nhanh. Cá 20p vẫn giữ được độ ngọt, tôm 10p là xong nhưng mình muốn giòn hơn nên chiên thêm 10p nua. Sẽ mua thêm 1 nồi 5.2l nữa tặng mẹ.",Positive
"Hàng đóng gói rất cẩn thận. Nồi dùng rất tiện. Mình đặc biệt khuyên mọi người nên mua nồi có nút pause như loại này, tránh như các nồi khác khi cần thăm đồ, phải rút nồi, ngắt điện đột ngột. Nồi làm các món rán/quay:áp chảo/nướng cực kỳ tiện, lại nhàn cho các chị em phụ nữ.",positive
"Đặt sau 2 ngày nhận được hàng. Tiki đóng gói rất cẩn thận, hàng nguyên hộp, thiết kế rất đẹp. đã dùng 03 lần với thịt gà và cá, nói chung nồi dùng rất ổn, chạy êm, không có mùi khó chịu, dễ dàng vệ sinh, đồ ăn chín đều rất ngon. cám ơn Tiki.",positive
"Giao hàng đúng ngày, có gọi trước báo giờ giao Có bảo hành đầy đủ Sản phẩm chất lượng, rổ và nồi chiên đều thuận tiện khi rửa bằng xà phòng Không bị giật điện Làm món cánh gà (200 độ): 20 phút + lật lại 10 phút nữa",positive
"Hàng nhận mới có đầy đủ sách hướng dẫn, thẻ bảo hành. Hàng mới 100% xài tốt . Rất hài lòng",positive
Đầu tiên nhận xét về cách giao hàng của Tiki Now: Nói chung là quá nhanh quá nguy hiểm..giao hàng dễ thương và an toàn Về sản phẩm: Nồi có hình dáng rất dễ thương.Yêu ngay lần đầu gặp mặt. Hôm nay lôi ra nướng liền em cá saba..kết quả như hình nhé mọi người. Nồi chạy rất ok tiết kiệm được nhiều thời gian cho bà nội trợ. Sản phẩm phù hợp cho gia đình bé bé xinh xinh mọi người nha,positive
"Mới dùng chưa quen lắm với thời gian cho từng món , ví dụ như chả giò chiên mình chiên 16 phút 200 độ ra ntn nè, còn thịt thì lần đầu chiên ra khô cháy luôn, chiên lần 2 mới ngon, nói chung là hàng đẹp , 3 lít gọn , vận hành thì cũng dễ dàng, , êm , , chiên khô thì tuyệt vời, đỡ hôi người, cứ bấm 10phút, đi đâu đó rồi quay lại là xong.",positive
"Đọc review trước khi mua thấy mọi người bảo là lòng nồi hơi mỏng, mình cũng không hình dung được cho tới khi nhận được cái nồi. Nồi chiên khá nhanh, thao tác dễ dàng, đỡ hẳn được khoản bay mùi và bắn dầu nên rất tiện. Lòng nồi đúng là hơi mỏng, tay cầm gắn giỏ chiên với lòng hứng dầu cảm giác hơi mong manh nên cần nhẹ tay khi chùi rửa. Mình sợ cháy nên lót giấy bạc khi chiên nên chùi rửa cũng nhẹ nhàng",positive
"Chưa bao giờ việc nấu ăn lại nhàn đến thế. Sơ chế, quét lớp dầu mỏng lên bề mặt, bỏ vào nồi và hẹn giờ. Mới dùng được hơn tuần và thấy hài lòng về sản phẩm!",positive
Đọc review là chống dính kém nên cũng giữ nồi lắm. Ok món nào cũng làm được lại tiết kiệm thời gian. Định mua nồi ở pico hàn xẻng mà 2tr6 lên đấy bốc được sale giảm giá + áp mã giảm giá freeship còn có 1tr850. Mình ưng lắm ngày nào cũng lôi ra dùng chưa thấy có vấn đề gì. Muốn giảm hỏng chống dính thì mua giấy bạc.,positive
"Tiki giao hàng nhanh, nhân viên nhiệt tình hướng dẫn, lúc chưa nhận được hàng cũng lo nồi thế này thế kia như các bạn review, nhưng nhận hàng và dùng rồi thì ưng ý lắm! Nồi đẹp dễ sử dụng, thức ăn thành phẩm ngon giòn đã vậy còn lọc bớt được mỡ trong thịt. Mai sẽ thử chiên chả giò, khoai tây hay mấy món khác nữa rồi review đến mọi người ",positive
"Nhận hàng sau 03 tiếng, rất nhanh, hàng chuẩn, mới 100%. Thank Tiki!",positive
"Tôi rất ít và ngại mua hàng online, thấy sản phẩm nồi chiên của Tiki đăng bán có giá hợp lý và chât lượng phù hợp nên đặt mua, không ít băn khoăn vì đây đó nhiều nơi họ bán hàng online sản phẩm 1 đằng, quảng cáo 1 nẻo, hôm qua tôi đã nhận được sản phẩm và bước đầu rất hài lòng về chất lượng cũng như cách bán hàng của Kiti, mong các bạn luôn giữ được uy tín cảu mình với khách hàng",Neutral
"Mua chiếc nồi chiên này thật tiện ích, chiên được đủ món mà không bị bắn dầu mỡ, không bị bay mùi khắp nhà (vì mình không có máy hút mùi). Chiên khoai, đậu phụ quét chút dầu sẽ ngon hơn. Riêng cái khoản chống dính thì nồi nhà mình hoàn toàn ổn nhé, từ chiên cá, đậu phụ, thịt, chả ram,... đều ok. Mẹo chống dính của mình là trước khi sử dụng lần đầu tiên, mình đổ 1/2 lít dầu ăn vào chảo, đun nóng, sau đó cho giỏ chiên, giỏ làm bánh vào chảo dầu, tiếp tục đun sôi, để nguội rồi mới rửa sạch, lau khô. Mỗi lần chiên món mới đều quét đáy giỏ chiên 1 chút dầu, vậy là không hề bị dính gì cả.",positive
"nướng gato chả nem, thịt nướng tuyệt vời, lại còn gọn nhẹ sạch sẽ",positive
"mãi mới chốt, ưng, tiki gói hàng cẩn thận, anh shipper nhiệt tình cẩn thận, nồi dùng thích lắm",Positive
"Mình mới mua được một tuần, nồi của mình không có mùi, thấy lớp chống dính cũng ổn! Mình dùng giấy nến lót thì thấy chiên cá sẽ mềm chứ không giòn được ! Muốn chiên ngon chắc phải thử nghiệm nhiều lần! Nướng khoai và thịt ba chỉ rất là ngon luôn!",positive
"sản phẩm đẹp , đóng gói kỹ , chất lượng sản phẩm oke so với cái giá",positive
"Hôm qua vừa nhận được hàng nên háo hức dùng thử luôn. Mình không thể tin là đồ ăn rất ngon như mình chiên bằng chảo vậy, mà lại tốn rất ít dầu đẻ làm giòn sản phẩm. Mình làm thử 3 món, đậu hũ chiên 10p, chả ram chiên 8p, gà chiên 35p. Rất nhàn chả phải canh chừng bếp. Không bị dầu mỡ bắn bẩn. Quá hay. Giá thì rất tốt 2tr. Công ty mình mấy người cùng mua luôn. Có điều nhược điểm là rửa khá phức tạp.",positive
"Nồi 3L phù hợp cho nhà 2-3 người. Nồi nhìn đẹp, nấu cũng dễ. Có nút tạm ngừng khi nấu để mở ra lật thức lại cho đều. Nói chung hài lòng. Giao hàng nhanh. Đóng gói đẹp.",positive
"Ưng cách Tiki giao hàng và đóng hàng cực kì kĩ và chắc chắn. mình mới nhận hàng, chưa biết xài lâu thế nào.",positive
Sắm 1 em quá là tiện với đứa lười và ở 1 mình như mình. Rất đáng mua ạ,positive
"Đã mua và dùng thử nồi chiên không dầu điện tử Lock&Lock ECF-300B ... cực kì hài lòng. Tiki giao hàng nhanh chóng, đóng gói chắc chắn.",positive
"Nồi dùng ổn, dễ sử dụng, chế biến được nhiều món ăn ngon. Khi nấu có hơi chút mùi nhựa.",positive
"Sản phẩm nguyên mới. Không ồn, phím bấm trực quan. Nhưng mình khuyên mọi người lúc khui thùng thì đừng tiếc cái hộp mà úp xuống, bể á. Em khui mà bấy cái thùng luôn",neutral
"Mua cũng cách đây vài tháng, ban đầu còn chưa quen, quen rồi thì dùng thường xuyên, nhất là món khoái khẩu thời xưa Bà Ngoại vất vả rang với cát, thời đại giờ thì chỉ cần bỏ vào bếp và nhấn nút, có điều vẫn nhớ Bà Ngoại ",positive
"Hôm trước có deal giảm giá 50% mình mua ngay giá chỉ có 2tr hơn, mua về để cả tuần vì chả biết sử dụng sao, vì tờ hướng dẫn sử dụng chưa kĩ lắm. Mua bánh mì tươi về để nướng ăn sáng cho tiện thì té ra lò quá nhiều công năng và tuyệt vời. Nói chung là đáng đồng tiền bát gạo, làm đồ ăn xong cứ bỏ vào chiên rồi đi nằm nghĩ xem tv thả ga mà không phải canh trở hay sợ dầu bắn hay khét... Chị em đi làm không có thời gian nên mua hihi",positive
"lòng nồi hơi mỏng, nồi chạy không êm lắm, mới dùng lần đầu hơi nghe mùi nhựa, nhưng với giá vậy thì tạm ok, chiên chả giò giòn, thuận tiện tiết kiệm được thời gian.",neutral
"mình sử dụng cũng nhiều rồi nay mới cho nhận xét. Theo mình thì chiên tốt, ngon các món thịt heo, thịt gà, thịt vịt, khoai tây và khoai lang chiên. không cần tốn nhiều dầu, đỡ khâu lau dọn bếp và ám mùi. nhưng thời gian chiên cũng hơi lâu. mình chiên 6 miếng má đùi gà 40p mới vàng giòn, được cái ăn khá là ngon",positive
"Giao hàng nhanh. Sản phẩm đẹp, sang trọng, tiết kiệm điện hơn so với lò nướng, dễ sử dụng để thực hiện nhiều món ăn cho những ngày giãn cách Covid ",Positive
"Năm ngoái mình đã mua nồi chiên LNL loại cơ ( có núm xoay chỉnh thời gian) chứ không phải loại bấm nút điện tử như model này. Sản phẩm sử dụng tốt và tiết kiệm thời gian cũng như giúp cho nhà bếp của mình sạch sẽ, không còn cảnh phải hì hục lau nhà sau mỗi lần chiên đồ ăn. Khi thấy trên Tiki có khuyến mãi nồi chiên LNL, mình đã hào hứng đặt luôn 2 cái. Đơn hàng thứ nhất giao đúng hẹn, đơn hàng thứ 2 thì bị delay 1-2 ngày. Tuy nhiên Tiki có gửi email thông báo nên mình không thấy thất vọng lắm. Sản phẩm sử dụng ổn. Lòng nồi to, có thể nướng được 2 cái đùi gà + 1 cái ức gà cùng lúc (con gà 1,8kg)",positive
"Giao hàng nhanh đóng gói kĩ. Chất lượng sản phẩm như hình ảnh, rất hài lòng khi đã mua. Cám ơn tiki",Positive
"sản phẩm ok, chưa xài chưa biết",neutral
"Tiki giao hàng rất nhanh và đóng gói cẩn thân. Sản phẩm dùng rất tiện, không sợ bị văng dầu và tiết kiệm thời gian.",positive
"Mua cũng được thời gian nhưng do chưa sử dụng nên không nhận xét vì sợ như lần mua máy làm sữa đậu nành (ban đầu thì ok nhưng sau vài lần thì máy hư và Tiki cứ bắt bảo hành mấy lần mà không chịu đổi mới) Mình chọn giao hàng nhanh nên mua tối khuya là nhận được lúc 10g sáng hôm sau. Mở máy thấy ok, nhìn đẹp, vỏ ngoài to hơn mình tưởng chứ lòng chiên thì bình thường, chứ không to. Tay cầm thì không quá chắc chắn, cũng tạm ổn. Mình thử chiên khoai tây thì thấy thành phẩm ăn được, không quá xuất sắc nhưng cũng không có gì phải chê quá do mua dịp km và được tặng bộ 2 thớt L&L nên như vậy là rẻ rồi. ",neutral
"Nồi chiên rất tiện dụng, so với philip 9220 thì loại này có bảng điều khiển điện tử tăng giảm thời gian, nhiệt độ tiện hơn, lại có khay nhỏ để rán nếu thích cho chút dầu ăn vào như rán trên chảo luôn, khay nướng chống dính dễ rửa sạch hơn khay lưới của 9220. Tuy nhiên phần nhựa cũng như tay cầm khay không được chắc chắn như hàng philip. Dụng cụ bếp nên mua vì tiết kiệm được thời gian, giảm dầu mỡ tốt cho sức khoẻ, không bị bắn bẩn ra bếp nữa! Mình chiên thịt, cá, xúc xích, vịt, gà đều thấy rất ngon!",positive
hàng ok. đóng gói cẩn thận.,positive
"Theo kinh nghiệm của mình thì nên chiên thêm tầm 2-5 phút tùy món như trong sách hướng dẫn, thì đồ ăn sẽ có độ chín vàng ươm hơn. Nếu muốn đồ ăn không bị khô, có thể quệt thêm dầu ăn là thịt sẽ mềm mịn hơn. Riêng với khoản chiên thịt ba chỉ, thì chiên xong giòn tan như thịt quay vậy đó. Rất ngon. Nồi đen nhìn sang trọng và rất sạch.",positive
"đẹp, vừa vặn mình mới dùng nướng hạt có cái đúng là gang hơi mỏng manh, vì mỏng nên nó nhẹ, có cái vì vậy nên mình cần lót giấy bạc nướng để tiện rửa có thanh nướng phía trên không có gì ngăn cách nên sẽ dơ & khó vệ sinh. cách tốt nhất là bọc giấy bạc.",neutral
"Tiki giao hàng chuẩn và tốt nhất, giá hợp lý mua tất cả 4 cái rồi, cảm ơn TIKi",positive
"Đóng gói cẩn thận, có thùng của nồi còn thêm lớp thùng bên ngoài của Lock nữa. Mẫu mã đẹp, chất lượng chưa xài chưa biết thế nào",positive
Nồi dùng rất tiện lợi. Nồi hãng Lock and lock nên chất lượng ok. Tuy nhiên sau thời gian dùng vỉ nướng bị bong phần chống dính vậy tôi có thể mua vỉ chống dính của nồi để thay được không? Xin trả lời tư vấn,positive
"Sản phẩm khá ổn, giao hàng rất nhanh, mình đặt từ chiều thứ 5 mà sáng thứ 7 đã nhận được hàng. Nồi hoạt động tiếng kêu êm. Tuy nhiên, các cạnh vẫn chưa khít và tay cầm không chắc chắn lắm.",neutral
hàng đóng gói kỹ. giao nhanh. sản phẩm thử lần đầu rất tuyêt vời. sau thời gian Lăn tăn viêc lựa chọn và đã không thất vọng. Cám ơn tiki,positive
"Mua về ngày nào cũng nấu 3-4 món, món nào cũng ngon, rất tiện lợi, cực kỳ hài lòng với sản phẩm, rất thuận tiện nấu các món ăn vặt cho trẻ: đậu hủ chiên giòn, sụn gà chiên mắm, cơm chiên... Mua giá KM: 1850k",positive
"Có bảng điện tử dễ quan sát, tay cầm chắc chắn, dễ sử dụng. Nhưng lần trước cũng mua 1 nồi của Lock & Lock ECF-302R thấy men chống dính rất kém, xài được 1 năm đã tróc hết, hy vọng nồi này đã được hãng cải thiện.",neutral
Mòn mỏi chờ giao hàng nhưng cuối cùng cũng đã đến,neutral
"Nồi gọn, đủ dùng cho 1-2 người, có nút pause để lật thức ăn. Giao hàng mùa dịch hơi lâu hơn bình thường nhưng ok",Neutral
Máy chạy êm. Sử dụng đơn giản và tiện lợi. Lúc hoạt động thì có toả nhiệt ra ngoài nên sờ vào vỏ máy thấy nóng.,positive
Tại thời điểm này là ổn.,positive
"Thật tiện lợi, vỉ chiên dễ rửa. Mới dùng thử 4-5 lần nhưng rất thích. Tiki giao hàng nhanh đúng như mong đợi.",positive
"Nồi hoạt động tốt, thiết kế sang trọng. Chiên nướng thực phẩm khá tiện lợi, không tốn thời gian canh trở như chiên bằng dầu, lại hạn chế dầu mỡ. Ngoài chiên nướng thực phẩm, có thể dùng nồi để rã đông, hâm nóng thức ăn, làm bánh. Rất phù hợp và hữu ích dành cho người bận rộn",positive
khi nhận hàng máy được bao bọc rất kỹ. máy có kèm theo khuôn để nướng bánh. sử dụng chiên đồ ăn nếu muốn giòn hơn thì nên quét một lớp dầu ăn mỏng là ok,positive
Sản phẩm đảm bảo đúng công năng của nó là chiên/nướng không cần dùng dầu. Tuy nhiên nhược điểm chung của các sản phẩm này là rửa phần khay hứng mỡ khá bất tiện vì nó là cả khối kim loại và nhựa. Nếu có thể tháo phần vỏ nhựa ra thì thuận tiện hơn. Bên cạnh đó thì dây điện ở đằng sau không thiết kế ẩn vào một chút thì sẽ gọn gàng hơn. Đằng sau lòi tòi cái đầu dây nên chỉ đụng nhẹ vào tường là không vào điện nữa.,negative
"Tiki đóng gói cẩn thận. Nồi trông gọn, đẹp, không bị to quá như nồi 5,2L. Tuy nhiên, giỏ chiên do đó cũng bị hơi nhỏ một chút. Khoang chiên lót bằng tấm inox sáng choang, đẹp hơn hẳn những model khác chỉ có plastic màu đen như model 3,5L hay 5,2L chẳng hạn. Chất lượng hiện tại dùng OK do mới mua. Nếu có vấn đề gì thì mình sẽ nhận xét thêm sau.",positive
"Sản phẩm đúng như quảng cáo, giao hàng trước 1 ngày so với dự kiến, hàng đóng gói cẩn thận.",positive
"Giao hàng nhanh, đóng gói kỹ. Máy dễ xài, chạy êm, đã thử với ếch, chả cá, bò băm viên... vàng đều, giữ nguyên mùi vị, không hề bị khô. Món nào nhắm chiên bình thường sẽ không ngon và văng dầu nhiều thì nên sử dụng máy vì nếu món nào cũng chiên bằng máy thì rửa sẽ hơi cực ( phải rửa 2 món là nồi và rổ chiên)",positive
Giao hàng đúng hẹn gói bọc cẩn thận hàng chuẩn hãng cám ơn TI Ki sẽ ủng hộ trang bán hàng của TiKi,positive
"Hàng ok, sp chính hãng. Đơn tikinow 2h nên tiki giao khá nhanh. 1 ngày trong tình hình dịch vậy là khá ok rồi",positive
"Tôi mua hôm Sinh nhật Tiki, được giảm giá còn 1T830. Thử chiên khoai tây rất tốt, giòn, ngon, ít dầu. Nhưng các bạn phải nhớ mở ra đảo thực phẩm. Sản phẩm được Tiki đóng gói đẹp, cẩn thận, giao hàng nhanh, hẹn 3 ngày, mới 1 ngày đã giao hàng ( có lẽ nhà tôi gần kho hàng Tiki ) Cả gia đình tôi là khách hàng của Tiki",positive
"Trước khi mua nồi, mình cũng nghĩ nồi chiên không dầu thì bình thường thôi nhưng mua về ăn mới thấy quá lý tưởng. Mình dùng chiên khoai rất vàng, giòn, còn nướng thịt cá thì khỏi chê. Mua được giá sale tiki nên rất hàng lòng về giá tiền lẫn chất lượng",positive
"Nhà mình chiên thử cá, ngon lắm mà không bị ngán. Thiết kế đẹp, nồi hơi to xíu nhưng nấu nướng tiện lợi lại k cần dầu nên ưng lắm. Mua đợt giá sale chỉ 1tr8. Nói chung nên mua nhé!",positive
"Tiki đóng gói hàng chắc chắn. Nồi dùng khá tốt, mặc dù nếu để dùng lâu sẽ hơi nóng. Nên sử dụng giấy lót bạc để tránh xước bề mặt khay và giữ được độ mềm ẩm của thức ăn!",positive
"Mình mới mua sản phẩm này, ship tỉnh mà được giao sau 2 ngày chốt đơn, chắc tiền triệu nên được ship nhanh, trong khi đó sản phẩm khác mình mua ship nội thành HN mà tận 7 ngày mới tới nơi. Nói chung mình mới dùng nồi 2 lần, chiên sườn và thịt gà. sườn ướp húng lìu còn thịt gà mình tẩm mật ong, thành phẩm ngon miễn chê các bạn ạ, ăn ko bị ngấy như chiên dầu mỡ, nồi có hơi dính xíu nhưng ko đáng kể. trước khi mua mình có tham khảo qua các nhà cung cấp khác thì họ đều tư vấn rằng nồi chiên chống dính hoàn toàn như quảng cáo là không có đâu, nên cũng không đặt kỳ vọng nhiều về độ chống dính của nồi.",positive
Chuẩn không cần chỉnh ,positive
Mình khá hài lòng về sản phẩm ...mình mua đúng đợt sale của Tiki....đã được giá rẻ lại còn được giao hàng luôn trong ngày...Sản phẩm sử dụng dễ dàng bé nhà mình cũng có thể tự sử dụng để nướng pizza nè.,positive
"Tiki giao hàng nhanh. Sản phẩm dễ sử dụng và có thể chiên, nướng từ thịt cá đến bánh ngọt. Các chức năng đơn giản đủ để người trung niên, cao tuổi cũng có thể dễ dàng sử dụng. Giá thành cũng hợp lý so với 1 số sản phẩm cùng tầm.",positive
"Ưu điểm: - Nhỏ gọn, dễ dùng phù hợp gia đình 3-4 người - Tiki giao hàng nhanh. Nhược điểm: - Nồi nướng bên trong khá mỏng, chống dính dày như dòng philip - Thời gian nướng khá lâu, do công suất nhỏ",negative
"Mình mua 2 cái. 1 cái ok. 1 cái dây nguồn bị hỏng, đề nghị Tiki đổi lại dây nguồn khác",negative
Mình mua nồi chiên này được hơn 1 năm rồi mà giỏ chiên bị tróc lớp chống dính. ,negative
"Khai nồi bằng món gà nướng. Giao hàng nhanh, bạn giao hàng thân thiện, vui vẻ. Lần đầu xài nên canh nhiệt, time chưa chuẩn. Lần sau sẽ good hơn. Voted 5*",positive
"Đóng gói hàng kỹ, nồi có nút pause nên theo dõi đồ khi chiên dễ dàng. Nồi dễ sử dụng. Vụ cái khớp như các bạn trước nói thì không có. Khớp đóng sát bình thường.",positive
"Cái nồi này đã làm mình thay đổi suy nghĩ rất nhiều về công việc bếp núc. Đầu tiên đây là quà mua tặng mẹ mình, mỗi lần thấy mẹ làm món chiên thì công việc chà nồi, ròi văng dầu văng mỡ, mình cũng thấy vất vả quá, thế là gom tiền mua nồi coi sao. Bất ngờ là mình thấy hài lòng không tưởng, mấy món chiên sau này làm nhẹ hều, mà vẫn giòn ngon, đặc biệt có thể làm món heo quay miếng nha các bác, Tiện lợi, giảm thời gian vào bếp nhiều lắm. MÌnh thấy một số bạn chê việc rửa nồi nó mau bị bong lớp chống dính. Cái này mình khắc phục bằng cách sau khi chiên, để nguội, ngâm nước lạnh hơn 30p, xong dùng",positive
Thành quả chiên cá 20p -180oC Do lần đầu làm nên chưa canh chỉnh dc nhiệt độ và thời gian nên da ko giòn. Ram bắp thì giòn với nhiệt 180oC,neutral
"Sản phẩm thương hiệu uy tín, lại sale giá tốt nên mua ngay. Ngay lần đầu thử chiên thịt ba rọi, kết quả ngoài mong đợi, thịt bên ngoài vàng ươm, bên trong mềm, mọng nước, lại tách ra một lượng mỡ kha khá, ăn không ngán. Cũng không cần lót giấy bạc gì đâu các bạn, sử dụng xong mình ngâm nước lạnh pha chút muối, vài tiếng sau rửa sơ là sạch sẽ mà không bị bong tróc gì cả.",positive
"đẹp, sang, nhưng lúc mua không để ý lồng nồi có thể tích 3L nên hơi nhỏ",neutral
"Mua được giá 1,911 triệu, bao gồm phí hàng cồng kềnh Nồi chiên tiện dụng, dành cho những ai không có nhiều thời gian cho việc nấu nướng, hoặc những người ăn kiêng dầu mỡ. Thao tác dễ, thức ăn chín vàng đều, không sợ dầu bắn vào người...",neutral
"Trước khi mua cũng rất phân vân vì thấy có nhìu bình luận ko tốt, nhưng khi mua rồi lại cảm thấy rất ưng, với giá khuyến mại như vậy thì cũng rất đáng mua, nhược điểm là lớp chống dính dễ bong ra, nhưng nếu làm theo hướng dẫn ngâm và dùng mút mềm rửa thì cũng ok",positive
Rất tiện cho người bận rộn. Cảm giác nướng được cả thế giới. Nhược điểm là giỏ nướng dính khó rửa sạch dù đã ngâm thúi luôn. Giải pháp dùng giấy nướng lót hoặc lá chuối.,positive
"đóng gói siêu cẩn thận, mở ra nồi nhìn bóng loáng không một vết xước. Mới chỉ thử nướng khoai thôi nên chưa đánh giá được nhiều nhưng khá dễ sử dụng.",positive
"sản phẩm tốt, giao hàng rất nhanh, đỡ tốn thời gian và công sức, chiên xong ăn rồi mới chụp lại",positive
Đây là cái thứ 2 mua ở tiki. Mua được với giá ưu đãi tốt. Nồi dùng hữu ích. Chiên khoai tây cho trẻ con siêu ngon. Đang chờ khi có chương trình sẽ mua hộ thêm cái nữa cho chị bạn.,positive
"Nồi xài tốt, rất hài lòng giảm được dầu trong các món ăn, mình mới xài nên chưa thấy hiện tượng bong tróc lớp chống dính như 1 số comment, tuy nhiên mình để nguội mới chà rửa nên vệ sinh cũng khá nhanh. Tiki giao hàng trong 2 tiếng rất uy tín, đóng gói đảm bảo",positive
"sản phẩm còn nguyên seal, được đóng gói cẩn thận, hướng dẫn sử dụng đầy đủ, chiên trứng ngon, chiên sườn non heo cho chất lượng ngon! có điều thời gian nấu cần điều chỉnh tuy theo độ dày mỏng của nguyên liệu!",positive
OK,neutral
"Đặt hàng trưa nay thì sáng mai hàng đã giao tới nơi, đóng gói kĩ càng, hàng ngoại hình mới và đẹp. Sử dụng thì mới đánh giá chất lượng sử dụng, nhưng nói chung thì hàng lock lock mình rất thích vì tiện dụng và mẫu mã đẹp.",positive
"Đóng gói kỹ, nồi đẹp, dùng liền sau khi nhận đc hàng. Được mua hàng đẹp và tốt, giảm giá. Rất thích lun.",positive
"Nồi to dễ sử dụng, mình đã sử dụng hơn 3 tuần, chiên bánh tét, đậu hủ, chân gà, khoai Tây,... nói chung hài lòng vì sản phẩm ít dầu mỡ, chiên đậu, cá, hay bánh tét,... phết thêm 1 lớp dầu mỏng rồi chiên. Tiết kiệm dầu khá nhiều. Nhưng chiên khoai Tây, bánh phồng tôm,... thi không ngon bằng chiên dầu vì sản phẩm mặc dù rất giòn nhưng hơi cứng, nói chung khá hài lòng",positive
"Mình đặt hàng và nhận đc 1 ngày sau đó , Tiki đóng gói thùng rất kĩ , không bị móp méo hỏng hóc gì bên trong . Máy còn mới tinh , chạy test ổn chưa có vấn đề gì . Hy vọng hàng Lock&Lock tiếp tục đưa ra các khuyến mãi tốt cho các dòng sp của họ .",positive
Ship hỗ trợ giao lại địa chỉ khác và giao rất cẩn thận luôn. Mua lâu lâu rồi mà giờ mới vô nhận xét được. Dùng cũng thấy ổn ổn ha.,positive
tiki giao hàng nhanh. nồi nhìn đẹp và sang. nấu rất nhanh. an toàn. chỉ cần hẹn giờ ko vất vả như chiên bằng dầu bằng bếp ga. hạn chế đc dầu mỡ rất nhiều,positive
Nồi chiên không dầu Lock & Lock lúc mua khuyến mãi chỉ hơn 1tr4. vận chuyển nhanh chóng và tiết kiệm. Mình chưa có thời gian rảnh để nấu thử. Hy vọng chất lượng món ăn sẽ ngon như lời đồn và đảm bảo sức khỏe cho cả gia đình.,positive
"Nồi chiên rất thích, nấu ăn siêu ngon, tiện dụng, sạch sẽ và nhanh gọn",positive
Rất hài lòng vì mua được trúng đợt giảm 64%. Công việc cơm nước trở nên rất nhẹ nhàng nhờ nồi này. Con trai nhà mình thích vào bếp để làm các món nướng.,positive
"sản phẩm tiện lợi, thích hợp sử dụng hơn lò nướng",positive
Nồi chắc chắn. lần đầu nướng gà chưa quen thành món gà bóng đêm,neutral
"sau khi dùng 3 tháng thì máy vẫn chạy ổn định, nướng đồ ngon, lồng sắt vệ sinh theo hướng dẫn chưa thấy bong tí nào",positive
"Nồi này gần như chỉ 1m mình dùng, xài nướng khoai lang để ăn kiêng rất tiện, nướng 1 lần đc 2 ngày ăn luôn, có bạn sang nhà nướng cá mực khô cũng ngon, để nhiệt thấp nướng 5’ là xong sạch sẽ tiện lợi",positive
"Nồi chiên các loại thịt rất ngon, về vệ sinh theo hướng dẫn ngâm rồi rửa, cũng dễ sạch,",positive
"Đánh giá cao dịch vụ vận chuyển của TIKI, do có vướng công chuyện nên tôi gặp khó khăn về thời gian nhận hàng nhưng TIKI vẫn cố hết sức giao hàng đến đúng thời gian Sản phẩm hiện đang làm việc tốt, tiện dung, có một số trục trặc khi lựa chọn thực phẩm (trong tương lai sẽ rút kinh nghiệm khi sử dụng)",positive
Tiện lợi Giao hàng nhanh,positive
"nồi màu đen nhìn xịn xò, nấu được mỗi tội hơi bé, có phiếu bảo hành nhưng mình chưa biết phải bảo hành ở đâu nên hơi băn khoăn, còn lại thì ổn. vote 5 sao",positive
"Mình mua cho mẹ. Khi mở hộp, sản phẩm rất đẹp, sang trọng. Mẹ mình chiên thử thấy đồ ăn ngon. Mình khá hài lòng về nồi chiên này",positive
"Sản phẩm hoạt động tốt , tiki đóng gói cẩn thận , có nhiều option cho lựa chọn món",positive
"Dễ sử dụng. Mình mới làm thử món sườn nướng, rất ngon, miếng sườn chín sâu bên trong thịt nên ăn mềm hơn so với cách chiên thông thường. Nhược: lớp mem chống dính rất dễ trầy, nhất là vị trí trên thanh đỡ phía bên trong, do khi gắn nồi nếu bị nghiêng, thanh đỡ này quẹt vào lớp men.",positive
Giao hàng cực nhanh. Đóng gói cẩn thận. Nồi dùng chất lượng hài lòng về sản phẩm đã mua,positive
"Nó bị lệch 1 cái trấu, mở ốc ra để gắn lại được không, vì đã thử mà không mở được nên không dám cố mở",negative
"Đóng gói chắc chắn, giao hàng nhanh",positive
"Nồi đẹp, vừa phải cho gia đình 3-4 người. Mình chủ yếu chiên khoai, nướng khoai, nướng bánh mỳ... chưa có chỗ gì để chê... Rất vừa ý",positive
Cảm ơn tiki đã mang đến cho khách hàng những sản phẩm chất lượng và giá thành hợp lý. mình sẽ tiếp tục ủng hộ. cảm ơn tiki.,positive
"nhận hàng nhanh, hàng đầy đủ phụ kiện, mới dùng 1 lần thấy Ok, rất ưng",positive
"Thiết kế đẹp, đã dùng thử nhưng không thấy mùi nhựa như một số review. Chưa dùng thử nên không biết thế nào.",neutral
"Qua 1 thời gian sử dụng tôi thấy nồi chiên không dầu của Lock&Lock sử dụng tốt, bên trong có giỏ chiên chống dính rất tiện lợi và dễ dàng khi sử dụng và vệ sinh máy. Tuy nhiên khi chiên vẫn phải canh để trở thức ăn để thức ăn chín đều.",positive
"Chiên giòn và mùi rất thơm. Tiện dụng, sạch sẽ. Lúc mua mình phân vân, sợ ko dùng tới. Nhưng giờ chiên hoài. 3l nhưng ko to đâu, vừa dùng cho gia đình 3-4 người rồi. Chấu cắm 3 chân nên mua thêm chấu cắm điện chuyển đổi nha. Tiki giao hàng nhanh và đóng gói đẹp",positive
Mình mới mua lúc giảm giá. Về gia công thì chưa thực sự đẹp như Phillips hay Xiaomi. Dùng thử thấy tốt. Nhiều người thân cũng hỏi mua sản phẩm tượng tự.,neutral
"giao hàng nhanh, bọc kĩ lưỡng mở hàng ra thùng không bị móp, rất là ưng ý luôn, hy vọng xài ổn",neutral
"Sau 6 tháng sử dụng mình mới có thời gian review sản phẩm. Sản phẩm rán, nướng đồ ăn đều, ngon. Đồ rán ròn ngoài, ẩm trong, đồ nướng ướp cũng cực ngon. Sản phẩm đáng tiền.",positive
"tiki giao hàng tiki now quá nhanh, đóng gói cẩn thận. làm món bánh chuối tuyệt vời.",positive
"Nồi dùng khá ổn, nem rán, tôm rán thì hơi khô nhưng các món thịt rán thì ngon,, giữ được độ ngọt của thịt. Mình dùng giấy bạc lót dưới nên cũng hạn chế thức ăn tiếp xúc với lớp chống dính mỏng của nồi nên thấy rất hữu ích.",positive
"Nồi cực dễ sử dụng nha mn ơi, tay nắm nhẹ, chương trình cũng dễ sử dụng nữa, nên mua nha.",positive
"Sản phẩm tốt, dễ sử dụng, không mất nhiều thời gian. Rất phù hợp với người lười như mình ",positive
"Mình đã dùng để chiên đậu hũ, nếu thích ăn giòn thì rưới ít dầu lên, tự khử mùi dầu luôn nên bếp không bị ám mùi, sạch sẽ, cực kì ưng ý",neutral
"Giao hàng nhanh, đóng gói kỹ. Mình mới nhận chưa sử dụng, mình sẽ review tiếp theo sau nhen.",neutral
Mình mua được hôm giảm giá. Quá yêu thương cho chất lượng và độ tiện dụng. Cám ơn Tiki nhiều lắm,positive
"Sử dụng dễ dàng, nồi chiên lớn có thể chiên được nhiều cùng một lúc. Nướng cá cũng rất ngon, chỉ cần quét 1 lớp dầu lên trên cá đã ướp và nướng trong 20p. Hài lòng.",positive
"Hàng chính hãng, đóng gói cẩn thận, mới đẹp, quá tuyệt với mức giá siêu sale. Thanks tiki!",positive
Máy dùng tốt đóng gói cẩn thận. Nấu nướng tiện dụng,positive
sản phẩm dùng rất thích. Tiện lợi. nhanh chóng.,positive
"Chất lượng sản phẩm rất ổn, dễ sử dụng. Đã thử chiên chả giò, cần rất ít dầu phủ lớp vỏ ngoài để tránh các chả giò dính vào nhau. Chiên rất giòn, ngon.",positive
"Mình mới mua đợt giảm giá tháng 11 vừa rồi. Nồi hầu như không sử dụng dầu , chiên lên rất ngon , nhìn món ăn hấp dẫn. Chùi rửa cũng rất tiện . Chiên xong mình ngâm nước sau đó mới rữa , giúp không bị trầy lớp chống dính bên trong",positive
"Thành phẩm ngon ngoài mong đợi, rất vừa ý. có điều lớp chống dính hơi mỏng tí, còn lại đều tốt",positive
Dùng cũng ok chiên thịt mềm thơm ngon nhưng ngán nhất cái cảnh cọ rửa sau đấy,neutral
Nồi dùng ok. Rất tiện cho nấu nướng. Từ hôm mua về đến giờ hầu như ngày nào nhà mình cũng sử dụng.,positive
"Giao hàng nhanh, bao bì cẩn thận, hàng giống trong hình",positive
"nồi dễ sử dụng. dễ nấu, sản phẩm phù hợp với giá thành. mình mua 1.799k",positive
dễ sử dụng,positive
"Cty giao hàng chuyên nghiệp, hàng ok ổn",positive
"chưa dùng thử nên chưa biết chất lượng hàng hoá thế nào. đánh giá thấp ở đây vì nhân viên giao hàng tệ 1 cách không thể chấp nhận được. gọi điện giao hàng thì cáu gắt, đến giao hàng điện tử mà ném bịch thùng hàng xuống đất như ném bịch rác, kêu mở thùng hàng kiểm tra xem có vỡ hay hỏng hóc gì không thì kéo rách cả thùng hàng luôn, đứng chửi khách hàng là khó tính, bắt bẻ này nọ. nếu bên đối tác giao hàng nhanh mà cứ thế này chắc khách họ cũng quay lưng với tiki quá. ảnh của nhân viên giao hàng là bạn này đây",Negative
Sản phẩm chất lượng. Đẹp và tiện dụng.,positive
Tiki đóng gói rất chắc chắn và đẹp. sản phẩm mình dùng rất ok. Tuy nhiên chiên cá thì không được giòn như chiên truyền thống. Tóm lại là rất hài lòng về sp.,positive
"Tiki giao hàng rất nhanh, đặt chiều tối hôm trước mà sáng hôm sau đã có hàng (mặc dù mình ở tỉnh). Chưa dùng thực tế mới mở ra để test các chức năng thấy ok, giá cả rất hợp lý.",positive
xài rất thích. giao hàng nhanh,positive
Đẹp. Chưa dùng chưa biết chất,neutral
"quá ư là xịn xò. yêu tiki nhất. rẻ nhất, xịn nhất, uy tín nhất",positive
ok nha,positive
"sp rất tốt, nấu gì cũng tiện",positive
"Nồi nhỏ gọn, chất lượng nồi tạm ổn, tay cầm và rổ chiên hơi mỏng manh . Phù hợp gia đình 3- 4 người. Vừa túi tiền, hài lòng.",positive
"Nồi chiên rất ngon, chiên 1 kg cánh gà, cả nhà đều rất thích, giá lại rẻ",positive
"Mình mua vào dịp sale nên giá cũng OK, sản phẩm làm được nhiều món và rất tiện lợi",positive
"đóng gói cẩn thận, đẹp; tôi đã dùng thử, rất vừa ý",positive
"Đã mua hàng ở Tiki nhiều lần, hàng giao nhanh, đóng gói cẩn thận. Rất hài lòng với sản phẩm",positive
"đã dùng thử, rất tốt",positive
Mua tiki trading lúc sale giá tốt. Tiki giao hàng nhanh và nguyên seal,positive
"Rất đáng đầu tư, phù hợp với chị em công việc bận rộn. Mình khá hài lòng về chất lượng sp, giờ bếp núc là chuyện nhỏ. Dự định mua tặng bà nội và ngoại 2c",positive
"nồi tốt, lại có khuyến mãi tô thuỷ tinh chịu nhiệt.",positive
Xài ok lắm nha. Bỏ vừa nguyên con gà để quay luôn,positive
"Đang chờ khuyến mãi để mua cái thứ 2 mà lâu quá. Sản phẩm rất tiện ích, chiên cá, khoai tây... đặc biệt nướng lại bánh mì rất giòn",positive
"sản phẩm giống mô tả, nhưng không biết độ bền như thế nào?",Neutral
Rất vui để chế biến các món mới,positive
"Mẫu mã đẹp, dễ sử dụng, nướng thử món đùi gà thịt mềm ngon không bị khét",Positive
"Sau khi nhận hàng cảm nhận ban đầu khá ổn, còn về lâu dài mới biết cụ thể",neutral
Sống trên đời mà không có nồi chiên không dầu là 1 thiếu sót lớn,Positive
"Giao hàng nhanh, đóng gói cẩn thận, nồi chạy êm và sử dụng tốt",Positive
"Sản phẩm như hình, sử dụng thấy ổn.",neutral
"Các món không có hướng dẫn sử dụng nhiệt độ và thời gian thì hơi khó canh, chẳng hạn chiên bánh phồng tôm thì chưa được ưng ý.",neutral
"Rất hài lòng về sản phẩm, mẫu mã đẹp, chất lượng tốt. Nói chung là hài lòng với mức giá của sản phẩm. Gửi Tiki lời khen về cách đóng gói.",positive
tốt,positive
"Hàng đúng như mô tả, dùng tốt",positive
Mình thắc mắc là sao không có quà khuyến mãi đi kèm ????,negative
"Hài lòng, không bị mùi nhựa, nhà ít dùng dung tích bé. Nhà đông người nên mua loại to hơn",neutral
"nồi mình mua đc 3 tháng rồi, dùng ổn và chưa thấy vấn đề gì",positive
Nồi chiên điện tử nên thời gian và nhiệt độ chọn chính xác. Nồi hoạt động khá êm. Hợp lý với mức giá 1tr9.,positive
nồi khi chiên hơi ồn và nóng quá,negative
Nồi dùng ổn. Mua trong đợt khuyến mãi nên giá tốt.,positive
"Đã sử dụng hàng sài rất tốt, đã nấu món ăn rất vừa ý, chỉ có điều hơi chiếm diện tích nhà bếp thôi",positive
"Nhận được nồi và sử dụng 3 lần rồi. Nồi đẹp, chùi rửa cũng dễ. Chiên khoai, thịt ngon, chưa chiên thử cá",positive
"Hàng dùng tốt, mua ngay đợt giảm mạnh giá chưa tới 2m, có điều chưa tìm hiểu các món dành cho nồi chiên không dầu nên chỉ mới làm khoai tây, thịt, tôm",positive
"Nồi dùng rất thích, giao hàng nhanh, mẫu mã đẹp, sang",Positive
"Sản phẩm tốt, đóng gói cẩn thận, giao hàng nhanh, tiết kiệm thời gian nấu nướng và đảm bảo sức khoẻ.",Positive
vợ sử dụng. mình không dùng nhưng tiện bớt bày bừa,neutral
"mình mua ngay đợt khuyến mãi sinh nhật tiki nên giá rất tốt, tiện lợi dễ vệ sinh, lại tốt cho sức khỏe",Positive
"Tiki giao hàng nhanh, bọc cẩn thận. Nồi chiên thao tác dễ dàng, cảm thấy việc bếp núc nhẹ nhàng bao nhiêu.",Positive
"nồi nhận đóng gói kỹ , món ăn nấu lần đầu ngon",Positive
Nồi dùng rất ổn. Mình sẽ tiếp tục lựa chọn mua đồ tại Tiki,Positive
Mình rất hài lòng về sản phẩm mình sẽ cho 5 sao,Positive
"Hàng chuẩn, đúng quảng cáo.",Positive
"Tiki giao hàng nhanh, đóng gói cẩn thận. Đã thử chiên chả cá và khoai tây chiên, tất cả đều rất ổn.",Positive
"Nồi sử dụng khá ổn, đang sử dụng, thời gian tôi không biết",Neutral
máy đẹp tiện dụng. mua lúc sale nên giá khá tốt,Positive
Rất tiện! Chỉ cần 20-30 phút là xong 1 món,Positive
chất lượng,Positive
"Nồi chiên hoạt động êm ái, mua đợt khuyến mãi có 1tr8 thì phải, nói chung chất lượng so với giá tiền thì tuyệt vời.",Positive
"Lò tốt, chiên ngon",Positive
Đẹp,Positive
"Dùng tốt, tiện, chế biến được nhiều món",Positive
Hàng cực kì ok. Dùng thử 1 lần khá ổn.,Positive
"Nút bấm cảm ứng, quạt kêu êm không quá ồn",Positive
Phải sử dụng mới biết chất lượng nhé,neutral
Lần đầu tiên có một sản phẩm tốt như vậy. Nấu không tốn nhiều dầu mỡ và thức ăn thơm ngon. Cảm ơn tiki! Mình may mắn đc mua với giá tốt!,Positive
"cá nhân mình rất thích xài nồi này, ngoài chiên thì mình nó như một bếp nướng vậy, siêu tiện",Positive
Tuyệt vời,Positive
mới dùng ít bữa thấy ưng. nhưng mình thấy có bộ quà tặng đi kèm mà sao không thấy gửi nhỉ?,Positive
Sản phẩm chất lượng tốt. Tuyệt!,Positive
Sản phẩm tốt và bền. Sử dụng 2 năm vẫn tốt,Positive
"Chưa xài luôn, gà công nghệ",neutral
"Chát lượng sản phẩm tốt, không hỗ danh sản phẩm mang thương hiệu Hàn Quốc",Positive
Hàng chất lượng. Giao hàng rất nhanh!,Positive
Nồi sử dụng rất thích. Hình thức đẹp,Positive
"Đóng gói cẩn thận, hàng siêu đẹp",Positive
Bền,Positive
Nồi đẹp và đóng gói cẩn thận,Positive
"Chiên nướng đều ngon , ngày làm 2 cử chồng khen ríu rít . Thích nhất là cái nồi này",Positive
mình  mới nhận và dùng thử thấy hài lòng,Positive
Hài lòng về sản phẩm rất hài lòng về tiki,positive
"Sản phẩm đẹp ngoài sức tưởng tượng của mình. Dễ sử dụng, cất cũng gọn gàng, màu đen sang trọng, ít bị dơ. Tiki đóng gói hàng cẩn thận, lịch sự, giao hàng nhanh chóng.",positive
nồi chiên rất ngon,positive
"nồi rất tốt, nấu ăn rất nhàn, mình rất thích, lại mua được lúc giảm giá nữa",positive
"giao hàng nhanh, sản phẩm ưng ý, sử dụng xong đánh giá tiếp",positive
"hơi to nhưng êm, dễ sử dụng",positive
Hàng tốt giá mềm hài lòng,positive
"Hàng sài tốt, mẫu mã đẹp, giao nhanh",positive
"Nhận hàng đóng gói cẩn thận chắc chắn, sản phẩm đẹp, dùng rất tốt.Cám ơn cửa hàng.",positive
"Sản phẩm trang nhã, dễ sử dụng, chiên thức ăn không bị khô, rất thích nên tôi đã đặt mua thêm 1 cái nữa",positive
"Làm các món như thịt ba chỉ hay sườn nướng, khoai tây chiên thì ngon tuyệt vời nhưng nem và chả giò thì bị khô dù đã quết dầu. Nhưng nói chung cũng xứng 5 sao.",positive
Nồi xài tốt. Mình hài lòng.,positive
Hàng sài ok á ,positive
Nồi Chiên Không Dầu Điện Tử Lock&Lock ECF-300B (3 lít) dùng khá tốt,positive
"giao hàng nhanh, đóng gói cẩn thận, sản phẩm sử dụng tốt, tiện lợi",positive
hàng dùng tốt,positive
"sử dụng tốt, dóng gói rất cẩn thận, Sản phẩm mẫu mã đẹp sang chảnh",positive
"sản phẩm đẹp, sử dụng rất tốt. đóng gói cẩn thận. nói chung là ok",positive
Hàng ok,positive
"Sản phẩm thương hiệu nổi tiếng, giá bán hợp lý và Tiki đã thực hiện đúng cam kết bán hàng nhanh gọn, thuận lợi",positive
"Hàng tốt, mau vè sử dụng được 1 tháng thấy OK, chất lương tốt, đóng gói đẹp",positive
Thấy bà xã khen dữ lắm. Do không biết chiên khoai tây hay sao mà thấy không giòn lắm.,neutral
"Sản phẩm dùng tốt, chiên đồ ăn ngon, đảm bảo sức khỏe",positive
"Nằm vùng nồi chiên không dầu này khá lâu rồi giờ mới mạnh dạn mua. Mình mới mua xong nên có những nhận xét ban đầu: Nhược điểm: không khít giữa các khớp, các cạnh khá nhọn, chiên khoai tây ngon nhưng không giòn. Ưu điểm: chiên gà vịt khá nhanh, thịt bên trong chín đều, không cần nhiều dầu mỡ tốt cho sức khỏe. Các bạn nên để ngâm 30p trước khi rửa sẽ không bị bong lớp chống dính...dùng thêm 1 thời gian nữa rồi mình nhận xét thêm",neutral
"Tuyệt vời ông mặt trời. Nhờ khuyến mãi mà mình mua được nồi xịn, giá tốt. Cám ơn Tiki",positive
"Nguyên seal nguyên kiện, test thử món gà chiên ưng bụng xuất sắc, chả giò thì hơi cùi bắp, chín trong mà không vàng ngoài lắm, dù chiên tới 20p. Gà cũng phải chiên lâu hơn so với thời gian khuyến cáo thì mới vàng đẹp.",positive
"Sản phẩm dễ sử dụng và đúng mong đợi. Tiki gói hàng kỹ, giao hàng nhanh và đúng thời gian.",positive
"Giao hàng cực kỳ nhanh chóng, đóng gói rất kỹ lưỡng . Mẫu mã đẹp và gọn gàng.",positive
Nồi đẹp. Chính hãng. Có sách hướng dẫn bằng tiếng Việt. Vợ mình thích lắm. Ngày nào cũng xài. Giá 2tr đúng là quá hời.,positive
"nồi chiên rất tiện và tốt cho sức khỏe,không bay mùi khi chiên nướng mình rất thích sản phẩm này",positive
"Sản phẩm tốt, có thể dùng được với nhiều mục đích khác nhau. An toàn cho người đưng và lợi ích cho sức khoẻ.",positive
Tiki giao hàng sớm Sản phẩm chất lượng Giá cả quá phải chăng vì có nhiều ưu đãi.,positive
"Hàng đẹp đáng tiền, đóng gói chắc chắn, giao hàng nhanh.",positive
Sản phẩm sử dụng rất tốt. Tôi rất hài lòng. Tiki giao rất đúng hẹn,positive
"Mua được lúc giá giảm thích quá, nay lại thấy lên 4 triệu 5 rồi. mình mua lúc giá 1 triệu 8 ",positive
"Mua đúng đợt sale lớn, sản phẩm tốt hơn mong đợi! Tiki giao hàng đúng hẹn, nhân viên nhiệt tình.",positive
Giá cả và tính năng phù hợp với nhu cầu của gia đình tôi,positive
"nồi đẹp, giao diện cảm ứng nhạy dễ dùng. lòng nồi rộng. chiên ngon.",positive
"Mua lúc sale sập sàn, sản phẩm rất tốt, phù hợp với nhà có không gian hẹp",positive
"chất lượng Sản phẩm tốt, tiki giao hàng nhanh, dịch vụ tốt",positive
"hàng chất lượng, giá cả phù hợp, giao hàng gọn gàng , bao bì đẹp",positive
"Với giá Tiki bán rất hợp lý, mua về dùng hỗ trợ gần 80% việc chiên thực phẩm.",positive
Sử dụng rất thích luôn! Nhà mình nhỏ thì xài nồi này khỏi mua lò nướng!!,positive
"lớp chống dính tốt, nồi hoạt động rất êm, không ồn ào",positive
"Thực sự hài lòng với nồi chiên không dầu này, hàng giao nhanh, đóng gói cẩn thận. Cám ơn tiki nhiều!",positive
Mình dùng đến giờ là thấy chất lượng ổn. Tiki cũng hỗ trợ đổi hàng khi lỗi rất tốt,positive
"Mình mua nồi lúc tiki sale có hơi đắn đo nhưng mua về dùng rất ưng ý, nồi chiên ăn giòn và ngon!",positive
"Giao hàng nhanh chóng, đóng gói kỹ. Sản phẩm tốt, mẫu mã đẹp",positive
"sản phẩm dùng rất thích, TIKI đóng gói sản phẩm tốt",positive
"Sản phẩm dễ sử dụng, thực phẩm chín đều, giòn và ngon.",positive
"Thích vì sản phẩm rất gọn, dễ sử dụng lại mua được giá rẻ đợt flash sale.",positive
"Giá tốt, giao hàng hơi chậm so với dự kiến. Flash sale sản phẩm gia dụng locknlock tuyệt vời. 5 sao",positive
Giao hành nhanh chóng. Đóng gói cẩn thận. Nồi chiên không dầu xài rất thích.,positive
"Mình mói thử 1 vài món cơ bản: cá , đậu, thịt, làm nem, buổi đầu rán cá thì cá sống, lại phải cho ra chảo rán lại, Mình đã rán 2 lần, mỗi lần 20p, nhưng cá chỉ se mặt chứ không chín vàng được, lần 2 rán nem: rán tầm 10p lật mặt kia tầm 7p là đẹp. rán đậu thì không quết dầu nên ăn hơi khô, không ngon như rán dầu. Nói chung cũng tiết kiệm được khoản dầu mỡ, và thời gian đứng rán. khá phù hợp cho gia đình ít người ",positive
"Mình đã dùng rất cẩn thận nhưng lớp chống dính ở khay to quả là rất tệ, dùng được chục lần đã bị bong rồi, nướng xong màn hình led cảm giác đang bị đọng hơi nước, khay khá mỏng",negative
Mình mua với giá khuyến mãi không biết có rẻ chưa. Nồi chiên nhìn đẹp mắt. nhưng bên trong quai cầm hơi không chắc chắn lắm. chỉ có 6 chế độ thức ăn không biết làm được nhiều món không. quà tặng là bộ 6 món bằng nhựa. mình tự hỏi làm sao đem xào nấu đồ ăn nóng được?,negative
"Sản phẩm lắp ráp ẩu, bị vênh lớp ở ngoài, gọi điện cho cskh thì hẹn là có kỹ thuật gọi lại, đợi dài cả cổ, gọi lại đến cả chục lần thì chỉ nhận lại lới hứa hẹn. Sau cùng phải van xin bên cskh thì nhận được lời hứa sẽ thu hồi sản phẩm trong vòng 24h, nhưng đến bay giờ đã gần 3 ngày rồi mà không thấy động thái nào. Bán hàn chỉ chăm chăm bán được hàng, xong rồi thì phủi tay thế này thì không ổn tý nào, mình mua của tiki khá nhiều nhưng thế này thì không ổn tý nào.",Negative
"Sau khi dùng được 1 đến 2 lần thì phần khay chiên bị bong tróc phần chống dính, ngày càng bong nhiều và bị dộp bong theo mảng",Negative
"Nhận hàng xong háo hức mở ra ko biết nói gì. Vỏ nồi vỡ lanh tanh bành! Giờ lại phải ngồi chờ đổi với trả. Mà đang giao về dc nhà, ko biết mấy bạn Tiki định bao giờ mới đổi đây, đổi trong tuần lấy ai ở nhà mà đổi, rõ chán!",Negative
"mình đã mua sản phẩm này đến tháng 12 là được 1 năm . trong quá trình sử dụng mình rất hài lòng , sản phẩm chỉ bị nóng quá khi hoạt động còn lại ok. đến ngày 3 nov vừa qua mình cắm điện thấy không vào điện nữa. và mình đã gọi tiki để yêu cầu bảo hành đến hôm nay mình vừa nhân lại nồi . khi mình cắm điện và cho thức ăn vào thì nồi có dấu hiệu bị rò điện và điều quan trọng nữa là nó KÊU NHƯ CÁI MÁY CÀY. Thật lòng không biết các anh kỹ thuật viên đã làm việc như thế nào . không hề kiểm tra sản phẩm trước khi trả lại khách hàng nếu nó hư bên trong không phát hiên ra mình không nói đằng này nó kêu hơn cả tiếng máy nổ.",Negative
"Mua rồi mới biết dung tích nhỏ quá, chỉ nấu được ít đồ. Nên mua sản phẩm có dung tích lớn hơn ví dụ 5 lít. Sản phẩm đóng gói kỹ, giao nhanh và bền. (Dùng lâu rồi, hôm nay mới vào đánh giá). Tóm lại sản phẩm ok, lúc vệ sinh (rửa) hơi mệt, không phù hợp với những ai lười rửa chén đĩa ",positive
"Mình đã đắn đo rất nhiều trước khi mua sản phẩm này. Đọc nhận xét của mấy bạn, vẫn là 50 khen, 50 chê. Rồi mình thấy mấy đứa bạn chơi chung với mình, ai cũng khen hết và nhà bạn nào cũng có một cái, vậy là mình quyết định mua luôn, ngay lúc Tiki giảm giá. Dịch vụ giao hàng 2h đúng như mong đợi. Mình đã chiên được khoai tây, thịt, chả giò, nói chung là các sản phẩm làm ra mình đều hài lòng. Hài lòng nhất là đỡ mất thời gian đi lau cái bếp văng dầu tùm lum",positive
"Hàng ngay khi sử dụng lần đầu tiên là không được rồi. Thử lần 2 vẫn không được (Chiên khoai tây 1 giờ chưa chín, Chiên phi lê cá 50 phút thì được cá hấp). Tiki chỉ đồng ý bảo hành vì ĐỔI TRẢ chỉ áp dụng nếu CHƯA DÙNG. Chưa dùng ai biết hỏng mà ĐỔI TRẢ. Gửi bảo hành: Yêu cầu của Tiki phải gửi đủ phụ kiện, Khách đã gửi đủ và Tiki xác nhận đã nhận lại đơn hàng để bảo hành, hàng đang bảo hành (Đội ngũ Hậu Mãi của Tiki đang tiến hành bảo hành (các) sản phẩm ở đơn hàng #968879564: Nồi Chiên Không Dầu Điện Tử Lock&Lock ECF-300B (3 lít). Ngày dự kiến hoàn thành bảo hành là: 23/04/2019)",Negative
Nồi săn sale được giá tốt mà về chạy không khác gì máy cày các bác ạ. Tìm hiểu kỹ thì là do con ốc ở cánh quạt. Mọi người có ai tình trạng này như em không ạ?,Negative
"Về mặt hình thức, mình thấy các chỗ các khớp của nồi chiên này hơi chênh nhau, không đều. Còn lúc chiên khoai tây, chiên cá thì hơi khô, không vàng đẹp như mọi người nói (mình đã bôi lớp dầu mỏng lên rồi), vẫn chưa thử chiên các loại khác nên không dám nhận xét nhiều, dù sao mua nhân dịp giảm giá nên không dám đòi hỏi cao, hy vọng lớp chống dính không bị tróc ra quá sớm.",neutral
"Nồi dùng êm, kiểu dáng đẹp gọn, tuy nhiên nếu ai thuộc tuýp người thích ăn đồ chiên giòn thì sản phẩm không phù hợp lắm vì, để có thể chiên giòn tốn thời gian khá lâu và độ giòn không tới. Còn những yếu tố khác đều tốt, giữ được độ ẩm của thực phẩm, chín đều từ trong ra ngoài, dễ sử dụng và dọn rửa.",positive
tôi mua sản phẩm này vào ngày 10/10/2018. tới nay thì lớp chống dính bị trầy từa lưa mặc dù khi rửa chỉ dùng mốp mềm để rửa.,negative
"Người nhà mình nhận hàng được 2 hôm. Chưa sử dụng nên chưa đánh giá được, hôm nay mình mới về nhà mở thùng ra thì thấy không hề có phần quà tặng (hộp thuỷ tinh) như công ty có ghi nhé.",negative
"Đẹp, tốt nhưng tay cầm yếu. Không nên xách nặng",positive
"Chất lượng ok, chiên đồ ăn khá ngon nhưng thời gian chiên hơi lâu (tầm 30ph), cần đảo mặt thức ăn. Nồi 3l khá là to, chiếm diện tích. Mới chiên được vài món, cần học thêm nhiều mẹo để chiên.",positive
"Thương hiệu Lock&lock nhưng chất lượng không an toàn vì lớp chống dính bị tróc sau khi mình dùng mới vài lần là bị tróc luôn rồi, mình làm xong thì ngâm nước rồi mới vệ sinh chứ không lau chùi mạnh mà còn bị vậy, lớp chống dính bám vào thức ăn luôn nếu nhìn kỹ mới thấy, chất lượng nồi tầm trung nhưng lớp chống chính quá kém thua cả chảo không dính giá 100k nữa, không biết nói sao chứ nhà sản xuất nên coi lại chất lượng lớp sơn chống dính này có đảm bảo an toàn không vậy? hay dùng loại kém chất lượng nên mới vậy, mình đã dùng qua Philip rất ok, lớp chống xài phải 1 thời gian 1 năm mới bị bong chứ không như nồi này",negative
mình có mua của tiki nồi chiên này. nhưng dùng đến lần thứ 2 thì tự nhiên không thấy vào điện nguồn nữa. mình không biết phải gọi theo số nào để nhờ trợ giúp xem cách bảo hành sản phẩm ra sao? tiki có thể hộ trợ mình được chứ? nồi mới mà sao dùng lần thứ 2 đã trục trặc rồi là sao?,negative
"Giao hàng nhanh, nồi mới dùng ổn định. Phần nhựa đen chỗ tay cầm nhìn không được chắc chắn lắm. Nồi 3 lít thì nướng được 1 con gà tối đa khoảng 1kg8 nhưng phải chặt miếng ra, mà khi nướng nhiều thì mặt dưới giòn, phải bỏ ra lật. Lật đi lật lại chín giòn mất tầm 60-70p mà không biết bạn khách hàng nào review nướng được 6 cái má đùi 1 lúc trong vòng 40 phút. Ảo quá. Về tổng thể thì hài lòng, làm được nhiều món, nướng, hấp, bỏ lò. Tiện. Không phải chiên dầu mỡ.",positive
"Nồi mới khui ra mà nhìn nhựa như bị mòn sẵn! Bộ vá 6 món tặng kèm nghe toàn mùi nhựa, chẳng có tem hiệu gì hết, chẳng dám xài!",negative
"Mình mua nồi chiên loại này ở tiki, nhận hàng ngày 16/3 nhg đến nay ngày 7/5, mới dùng khoảng 5 lần thì nồi đã hỏng. Mình đã gửi mail liên hệ đến bộ phận cskh của tiki để yêu cầu đổi trả hoặc bảo hành nhưng đều không nhận được phản hồi. Bên bạn vui lòng kiểm tra lại và chịu trách nhiệm với sản phẩm của mình. Không phải tự nhiên mình chọn mua hàng qua tiki, vì tin tưởng nên mới mua bên bạn. Nhưng chế độ hậu mãi như thế này thì quá tệ. Hơn nữa sản phẩm mình mua cũng không phải là đồ rẻ tiền.",negative
"Nồi nấu ăn không ngon như mong đợi, mọi thứ chiên ra đều mềm chứ không được giòn. Đặc biệt phần chống dính rất kém, mới chiên cá lần đầu đã bị lột da, khó vệ sinh, thua xa 1 cái chảo chống dính thông thường. Ngoài ra, thật khó hiểu với chính sách giá của Tiki, hôm nay với hôm trước giá chênh nhau gấp rưỡi luôn.",negative
"sản phẩm đem đi bảo hành, chờ cả hơn 1 tháng sốt ruột gọi điện cho Tiki thì được thông báo là chờ linh kiện sửa, chờ tiếp coi 2 tháng có bảo hành xong và gửi lại cho xài không, dịch vụ bảo hành của tiki quá tệ",negative
Mình mua 2 lần 2 nồi cho 1 mã hàng giống nhau mà sao bao bì 2 lần khác nhau hoàn toàn là sao vậy shop?,negative
"Máy mới dùng được 2 tuần đã bị hỏng. Gọi tiki 10 ngày, giục 3 lần mà không qua lấy hàng để đi bảo hành cho mình. Phần vỉ nướng mình đã rất cẩn thận để nguội, ngâm rồi rửa nhẹ nhàng nhưng vẫn bị tróc phần chống dính. Nhiệt độ của máy không chuẩn, thường phải tăng thêm 5-10 độ và thêm 5-7p nấu mới chín đồ ăn",negative
"hôm trước đọc thấy có bạn bảo không có hướng dẫn bằng tiếng Việt, giở ra đầy đủ hết mà. Thấy dự kiến 1.4 giao hàng mà hôm nay đã nhận được rồi. Đóng hàng rất chắc chắn, lát nữa sẽ dùng thử",positive
"Mình dùng thấy tiện lợi tuy nhiên dù giữ cẩn thận thì lớp chống dính vẫn bong tróc sau vài lần sử dụng và xuất hiện gỉ sắt. Độ bền cực thấp, tiki có bán ruột bên trong để mình thay và tiếp tục sử dụng không? Cảm ơn!",negative
chưa dùng nên chưa có cảm nhận về sản phẩm. Tối về sẽ khai trương,neutral
"Mua đợt sale mà set sai giá hay sao mà mua xong cái giảm thêm 100k. Nhận xét chung thì ok, chiên thịt ăn rất ngon. 3 lit mà có vẻ hơi nhỏ, chiên gà chắc phải chặt. Ship 2h rất nhanh",positive
"gửi TIKI, Đây là lần thứ 2 tôi đặt nồi chiên không dầu, không giao hàng đúng dự kiến, không thông báo trước: Lần 1: Giao hàng thông thường, vào cuối ngày giao hàng dự kiến => thông báo giao trễ 4 ngày => Tôi thông báo hủy Vì tôi không thể đợi được, nhưng vẫn treo trên phần quản lý đơn hàng( ĐH: #338887272) Lần 2: Chọn sản phẩm khác có giao nhanh 2H, quá hẹn 2h40 chưa thấy giao hàng, không thấy thông báo gì => hủy tiếp nhé TIKI? ( ĐH: #245609232 ) Chia sẻ ra đây để mọi người cùng biết, đừng xem quảng cáo và quá tin tưởng và dịch vụ của TIKI",negative
"Sản phẩm không được tốt như quảng cáo, Nồi mỏng dính, lớp chống dính thì dùng vài lần là bong. Màn hình cảm ứng thì thi thoảng chập lỗi không hiện gì, thi thoảng thì bị bốc hơi nước lên màn hình. Có lúc dùng thì chiên rất nhanh vàng, có lúc chập chập mãi không thấy nóng, không vàng, không chín. Có thể Sản phẩm bị lỗi nên mong TIKI trả lời về vấn đề bảo hành sản phẩm trong thời gian sớm nhất!",negative
"nồi dùng tạm được nhưng lớp chống dính không tốt lắm dễ bong, khay đựng bằng inox cảm giác cầm không chắc tay lắm, năng suất cũng không cao mình nướng 200 độ nhưng cũng không thấy đã bằng 1 số nồi khác cùng nhiệt độ",negative
"Đã mua sp đc 1 năm, về dùng được mấy tháng thì phía trong bị bong tróc. Gần đây nồi bị lỗi không vào điện, gửi bảo hành hoặc sửa chữa thì báo bong tróc không chịu sửa hay bảo hành. Mang ra ngoài show của lock&lock thì từ chối nhận do mua trên tiki. Mọi người xem xét trước khi mua sản phẩm vì nếu hỏng hóc thì rất khó để đc bảo hành hoặc sửa chữa... buồn cho 1 sản phẩm hơn 4 triệu",negative
"đọc comment người dùng trước mình nghĩ sản phẩm rất hoàn hảo và ngon. tuy nhiên khi dùng thực tế thấy bình thường. mình đọc kỹ hướng dẫn về cách làm nhưng không ưng ý kết quả, thời lượng toàn tăng thêm so với hướng dẫn. máy cũng khá cồng kềnh. tuy nhiên, đây cũng không phải sản phẩm tệ vì không cần canh khi chiên, chỉ đặt nhiệt độ, tiện. SP chỉ là không như kỳ vọng thôi. à, rửa cũng hơi cực.",neutral
"Nồi hoạt động y hệt nồi nướng, bỏ vào chọn nhiệt độ với thời gian thì nó sẽ nướng thức ăn lên thôi. Chỉ khác là lòng nồi để cao hơn đáy dưới nên mỡ rớt xuống. Rán ba chỉ nhiều mỡ thì sẽ giòn ngon, rán lâu như tóp mỡ ý. Chứ các món khác như kiểu thịt viên, cá rán thì hơi khô, phải phết mỡ nhiều lên bề mặt. Nồi này mình mua Tiki sale còn 1tr7, mình nhập thêm mã giảm giá + ưu đãi của zalo pay giảm thêm tầm 200k nữa là còn có 1tr5. Giá rẻ, nồi y hình, nấu 3 lần chưa thấy bong tróc như 1 số nhận xét. Nếu giá sale thì mình nghĩ các bạn mua thử cũng ok, nấu dễ, rảnh tay nấu món khác trong lúc chờ",positive
"Mình đã mua và đã gửi trả dù chưa sử dụng. Nồi nhìn vào chất liệu giống như đồ nhựa tái chế, rổ chiên với khớp nối mà mối hàn thô sơ nhìn thấy ghế. Không hiểu sao nồi lock and lock mà tệ vậy. Các bà nội trợ không nên mua nha.",Negative
"sau một thời gian sử dụng mình nhận thấy nồi chiên rất ngon, không bị văng dầu mỡ, vận hành tốt, giá cả hợp lý nhưng nhược điểm duy nhất là lớp chống dính, sử dụng khoảng 5 lần trở lên là rổ chiên bắt đầu có hiện tượng bong tróc, mới đầu là những chấm li ti sau đó lớn dần lên, không biết sử dụng lâu dài có sao không. Bạn nào có đi bảo hành rồi thì reply nhé!",
Mình từng mua nhiều của Lock Lock qua Tiki. Nhưng có đơn hàng mua sản phẩm này CÓ VẤN ĐỀ: Hàng mình chưa nhận mà phần mềm đã báo Đã giao hàng thành công. Gọi lên tổng đài nhận 3 hôm nay rồi hàng vẫn chưa đến. (Mình dùng Tiki Now 29K),negative
"Mình đặt mua sản phẩm này vào ngày 16/08, dự kiến giao là 17/8 sau đó mình đã gọi lên để dời ngày giao sang 18/8. Tuy nhiên, mình đợi đến 21/08 vẫn chưa nhận được hàng, hơi thất vọng với service của Tiki vì giao trễ cũng không gọi báo khách hàng chỉ khi khách gọi lên hỏi thì mới hối bên bộ phận vận chuyển.",negative
"Tôi có mua nồi chiên không dầu và thanh toán bằng thẻ Visa TPbank, theo thông báo của Tiki thì tôi được giảm giá 150k khi thanh toán bằng thẻ. Tuy nhiên tài khoản của tối vẫn bị trừ toàn bộ theo giá sản phẩm, tôi đã gọi điện phản ảnh từ ngày 17/8/18 sau khi nhận được hàng nhưng đến này vẫn chưa được xử lý. đề nghị Tiki sớm giải quyết. xin cảm ơn",negative
"Mình rất thường xuyên mua hàng của tiki, trước đây giao hàng khá nhanh nhưng dạo này giao hàng lâu. Đây là lần đầu tiên mua hàng điện tử trên tiki nhưng khi nhận thì sản phẩm không như mong muốn, mặc dù hàng chính hãng có phiếu bảo hành nhưng các chi tiết được gia công cẩu thả và không đẹp, đã vậy còn bị lỗi không sử dụng được. Và cũng chưa đổi trả lại được. Hy vọng sẽ đổi trả lại được trong tuần này.",negative
"vừa đủ theo nhu cầu cá nhân. đồ chiên ra khô hơn nướng luôn. chống dính dở như mọi người nói ở trên, ban đầu không tin nghĩ chắc xài không kỹ, mua về mới tin là dở thiệt, xài 2 lần rửa nhẹ nhàng mà cũng dính. ai dùng cho sức khỏe, hạn chế dầu mỡ thì được",negative
"Nồi chắc chắn, vận hành êm và thức ăn ngon, nhưng có 1 nhược điểm là lớp chống đinh không bền, mình xài được 5 6 lần là bắt đầu bong nhẹ 1 vài chỗ, mặc dù đã dùng mút mềm lau chùi. Dùng thêm vài vần nữa thì thôi xong luôn, đang liên hệ bảo hành.",neutral
Nhân viên giao hàng đòi giao bằng được nhưng nhà mình không có ai ở nhà nên cuối cùng phải gửi ở chỗ trông xe. Mình có góp ý là nếu không có tuỳ chọn giao hàng vào cuối giờ đi làm thì các bạn có thể giao lại vào ngày hôm sau được không?,negative
"Sản phẩm gọn, nồi lồng tháo ra được, dễ chùi rửa, sản phẩm phù hợp với gia đình nhỏ.Tiki giao hàng đúng hẹn. Mình hài lòng với đơn hàng này, tiếp tục ủng hộ Tiki.",positive
"Ban đầu sử dụng rất hài lòng, nhất là chiên chả giò, cá viên. Với thịt, cá, cánh gà thì nướng ngon hơn. Mình sử dụng rất thường xuyên. Mình không hài lòng ở chỗ rổ chiên mau bong tróc lớp chống dính quá, sau bong tróc thì bị gỉ sét. Hãng có bảo hành nội dung này không. Mình có thể lót giấy bạc bên trong rổ chiên khi nấu không.",neutral
"Nhìn chung là OK, rất phù hợp với giá tiền. Khuyên dùng! Khi dùng nên để nhiệt độ 180 độ C thì thời gian chiên 1kg cá hoặc gà sẽ nhanh hơn (chỉ khoảng 35 phút), nếu chỉnh nhiệt độ thấp hơn thì thời gian chiên sẽ rất lâu.",positive
Lúc mới mua : hài lòng ở khâu đóng gói và giao hàng của tiki . Thời gian đầu mình sử dụng thấy rất tiện lợi chỉ việc bấm là để máy chạy tuy thời gian có hơi lâu nhưng rảnh rỗi để làm việc khác. Nhưng lớp chống dính của nồi rất dở sau vài lần dùng là có biểu hiện bong tróc. Mình không dùng đồ chùi xoong để rửa mà dùng khăn mỏng lau chùi. Hiện tại phải mua vỉ nướng để lót vào vì khi chiên lớp chống dính thường dính vào đồ ăn .,negative
"Lớp chống dính dùng được vài lần đã bong tróc, bám vào thịt nướng ko biết có độc hại không. Với sản phẩm như vậy cho dù có giảm giá cũng khongo đáng mua. Hình thức bên ngoài ổn nhưng lồng chiên bên trong tệ quá, lớp chống dính thua chảo chống dính hạng trung",negative
"Tôi mua máy trên tiki ngày 30/3/2018. Mã đơn hàng 747246300, sau khi nhận hàng tôi đi công tác 1 tháng, hôm nay Giỗ tổ mang máy ra dùng, nồi chạy được khoảng 2 phút thì màn hình tắt, sau đó nồi ngỏm luôn. Rút điện cắm lại cũng không làm việc. Giờ tôi cần liên lạc đâu để đổi nồi hoặc trả lại hoặc bảo hàng? Cám ơn",negative
"Cứ mỗi lần bật nồi để sử dụng, ví dụ cài thời gian 10 phút thì làm lại lần 2 nồi đều báo lỗi, màn hình hiện lên chữ EI hay EL gì đó. Và sau đó, phải để nguội nồi thì mới tiếp tục sử dụng được. Như vậy, thực phẩm không chín để đưa vào bữa ăn. Ngay lần đầu tiên khi nhận nồi về đã bị như vậy, nhưng sau vài lần sử dụng tiếp theo thì vẫn báo lỗi như trên Đề nghị Tiki hỗ trợ xử lý. Cám ơn Tiki!",negative
"Hàng được giao sớm hơn dự kiến mấy ngày. Bao gói rất cẩn thận. Thái độ nhân viên giao hàng lịch sự, ân cần. Lồng nướng nhỏ hơn mình nghĩ. Hiện tượng mỡ bắn lung tung, ám mùi dầu mỡ khi sử dụng nồi này gần như bằng không. Mình đã chiên thử các món: 1. Nem: Không bắt mắt, giòn và ngon bằng chiên dầu (mặc dù ăn vẫn thơm ngon). Tuy nhiên, nếu chiên lần 1 bằng chiên dầu, cất trữ tủ lạnh, lần sau chiên bằng nồi này thì cực hợp lý: không còn hiện tượng ngấm dầu nhiều như cách chiên thông thường. Giảm ngán, ngấy. 2. Thịt vai (hay thịt rọi) chiên vào nồi này thì tuyệt: Thơm ngon và loại được kha khá mỡ",positive
"Sản phẩm tốt, tiện lợi, đồ ăn loại bỏ được mỡ, tuy nhiên rổ chiên hơi mỏng, chống dính chưa tốt lắm, khi chiên có hơi kêu do quạt thổi không khí. So với các sản phẩm khác cùng giá sau khi đã khuyến mại thì xứng đáng. Có hướng dẫn chiên, rán các món ăn thông dụng. Hài lòng.",positive
"mình đã nhận được hàng dùng ban đầu chưa thấy gì phàn nàn, nhưng thấy chỗ màn hình hiển thị thì thi sau khi đun có thấy đọng hơi nước chắc không ảnh hưởng gì",neutral
"Mình mới nhận được nồi, kiểm tra thấy bị lỗi như vậy. Hai góc chênh nhau. Chưa dám sử dụng nên không biết chất lượng thế nào",negative
Mới đầu dùng cũng ok nhưng sau 1 năm sử dụng bị mất phần chống dính trong nồi và bị rỉ lòng nồi,negative
"Nồi chiên không dầu có ưu điểm là không phải bỏ dầu và không phải đứng chiên nhưng rửa mệt hơn, tốn nước hơn thay vì cái chảo rửa 1 cái là xong còn nồi này phải rửa lòng nồi và rỗ, lớp chống dính thì nhanh bay",negative
"Mình mới mua cái này, nhưng sao màn hình hiển thị nó cứ bị mờ kiểu hơi nước là sao nhỉ ? Có phải do bị lỗi không các bạn?",negative
"Giao hàng nhanh, đóng gói cẩn thân. Nồi đẹp, dễ sử dụng. Chiên thịt ngon, chiên chả cuốn giòn, nhanh. Tuy nhiên khay rất dính, kể cả quét dầu ăn lên vẫn dính, tốt nhất nên lót giấy bạc hoặc giấy nến ( tốn và mất công thêm tí)",positive
Mình vừa mua nhưng sao phần tay cầm ở trước không nhấc lên được vậy. Tiki có thể giải thích cho mình được không,negative
"Sử dụng ít mà Lòng nồi dở ẹt, bong tróc lớp chống dính",negative
"Mình mua nồi này tặng cho bà mình.thấy nhiều bạn nói lớp chống dính không tốt, cũng hơi lo! Tuy nhiên qua vài lần sử dụng, bà mình có vẻ rất thích. Vì thức ăn ít tốn dầu mỡ,tiết kiệm thời gian,... Chỉ có điều chế biến thức ăn không được vàng đều và đẹp như quảng cáo. Tuy nhiên thức ăn sau khi chế biến xong mình thấy như vậy cũng khá hài lòng rồi.",positive
Sản phẩm bị lỗi! Đóng nắp không khít mép! Mong tiki phản hồi sớm!,negative
"mình đặt hàng hôm 10/11 và đến 4/12 mới nhận được hàng. Không có phiếu mua hàng kèm theo. chưa sử dụng sản phẩm nên chưa biết nhưng tổng quan tay cầm cảm giác lỏng lẻo, khay bên trong trông hơi đểu không biết làm đồ ăn có đảm bảo không. Mới khui nhìn thử chưa sử dụng nên cũng chưa đánh giá được nhiều.",negative
"Thực chất là lò nướng nên làm các món thịt, sườn nướng thì rất ngon. Món khoai tây chiên phải luộc trước khoai rồi phết dầu, khoai cũng giòn nhưng nhanh ỉu, được khoảng 80% so với khoai tây chiên bình thường. Nếu nhà ít người (3 người) và thường xuyên ăn đồ nướng thì nên mua. Không thì với giá tiền này (đã khuyến mãi) thừa sức mua cái lò nướng to (khoảng 35l) làm được nhiều món hơn. Ưu điểm của nồi này so với lò nướng to: nhỏ gọn, rửa dễ dàng hơn, thời gian làm nóng lò cũng nhanh hơn. À, so với lò nướng có quạt đối lưu thì nồi này lúc chạy kêu cũng khá to",neutral
"Lần đầu mua hàng của tiki mà cảm thấy thất vọng. Chỗ tay cầm nhựa phần để trong lò được làm từ nhựa rất kém chất lượng, Nhựa dùng trong thực phẩm mà còn thua nhựa tái chế dùng cho mấy cái thau rửa mặt. Vậy sao dám sử dụng được. Phần nhựa bóng tuy đẹp nhưng cạnh rất sắc, đụng có thể đứt tay. Mình mới nhận hàng mở ra coi xong đóng thùng lại luôn. Hôm sau gọi tiki yêu cầu trả hàng thì được thông báo là hàng khui thùng rồi không trả được, trong khi mình chưa sử dụng gì chỉ mới mở thùng ra coi thử sản phẩm xong đóng lại y nguyên.",negative
"Tiki giao hàng nhanh, đóng gói cẩn thận, thêm 12k vận chuyển cồng kềnh nên an tâm. Nồi dùng khá ưng.",positive
"Mình mua nồi chiên không dầu của Lock and Lock vì rất tin tưởng thương hiệu này. Tuy nhiên khi nhận sản phẩm, xem chi tiết thì hơi thất vọng. Phần nút bấm ở tay cầm và các chi tiết nhựa ở bộ phận tay cầm rất thô, không tinh xảo, các gờ nhựa nổi lên, nhìn xấu, vì vậy cũng khó gỡ rổ chiên ra khỏi lồng, mình nghĩ lý do là nhựa ở các khớp nối được đúc không tốt. Phần 2 ốc vít gắn tay cầm với rổ chiên có cảm giác không chắc chắn, nếu chiên đồ nặng thì không ổn. Vì vậy mình đánh giá sản phẩm là 3 sao, tương đương với chấp nhận được.",neutral
"Mình vừa mua, về sản phẩm không sử dụng được, tiki đã nhận lại hàng để kiểm tra, đang đợi phản hồi, chưa nhận được kết quả, nhận được kết quả mình sẽ phản hồi thêm",neutral
"Giao hàng nhanh, đóng gói cẩn thận (Cho 4 sao về vấn đề giao nhận). Không phiếu bảo hành và phiếu giao hàng (Có gọi tiki hỏi, được thông báo là tiki có lưu lại đơn hàng rồi, có gì nhớ tháng mua để tiki tra cứu lại) Mới lấy ra dùng một lần, rửa cũng rất cẩn thận (ngâm rồi mới rửa) mà rổ chiên đã chóc 1 chấm lớp chống dích. Không biết dùng lần 2, lần 3 sao đây?",negative
"Chống dính cực dở, lúc mới mua xài ok, sau vài lần chiên ko đc giòn nữa, hay bị lỗi và tay cầm thì cực tệ luôn, kéo tới kéo lui lắc lắc mấy lần mới khớp đc cái nồi, đúng là đồ km giảm giá, tiền nào của nấy, hix:(((",negative
"mua ngay đợt giảm giá, mừng húm, ai ngờ mua từ thứ 6 hẹn thứ 4 giao, thu 4 gọi điện tiki bảo lấy hàng từ hà nội xuống,hàng đã ở tphcm nên chờ thêm 1 2 ngày nữa. hôm nay thứ 6 vào tra trạng thái đơn hàng cũng vẫn là chưa vận chuyển, chiều nay mà tiki ko giao hàng thì mình huỷ đơn hàng, mua tiki cũng nhiều, lần đầu mua hàng giảm giá ko ngờ thất vọng vậy.",negative
"Mình order, nhận được hàng rất nhanh với dịch vụ tikinow. Tuy nhiên khi mở kiểm tra sản phẩm, không thấy Phiếu bảo hành, chỉ có 1 sách hướng dẫn mỏng tiếng Việt, các bộ phận bên trong ko thấy tem hay khắc chữ L&L. Gọi tổng đài thì được giải đáp là Phiếu mua hàng cũng bảo hành được và bảo hành tại tiki. Từ các thông tin trên làm mình nghi ngờ không biết đây có phải là sản phẩm chính hãng L&L?( chưa dùng nồi nên chưa đánh giá được chất lượng, tạm để 3*",neutral
"Nồi chiên tiện lợi, dễ sử dụng. Hạn chế tối đa dầu mỡ, tuy nhiên không được giòn hay vàng đều như chiên bằng chảo.",neutral
Giao hàng nhanh mẫu mã đẹp. Mình mới nhận hàng 2 hôm thử nướng khoai với cá khá là hài lòng,positive
Nồi mới nhưng bị lỗi. Khi nấu tiếng quạt kêu rất to,negative
"Giao hàng siêu nhanh, đóng gói chắc chắn. Thao tác đơn giản, nướng thịt siêu ngon. Mình chỉ băn khoăn là mép nồi không được khớp.",positive
Hàng thì ok nhưng giao hàng quá lâu. Đánh giá 1* cho đơn vị vận chuyển Best Express,negative
Nồi rất tiện. Thích hợp với gia đình nhỏ ít người. Có vài chi tiết chưa sắc xảo lắm nhưng với tầm giá này thì cũng ok ( Tiki sale gần 50% ),positive
"Hầu như ngày nào mình cũng dùng. Rất hài lòng. Nồi điện tử có nhiều chế độ thịt cá, tôm... Tuy nhiên khuyết điểm duy nhất là dung tích hơi nhỏ.",positive
"Chiên các loại thịt rất ngon, đặc biệt là cánh/ đùi gà-rất giòn và loại bớt chất béo. Dùng nồi rất nhàn, chỉ cần bỏ nguyên liệu vào, hẹn giờ lấy ra, đỡ tốn thời gian canh, bếp đỡ ám mùi và văng dầu. Điểm trừ là lớp chống dính rất dễ tróc, mình mới xài vài lần và đã cẩn thận rửa bằng khăn mềm nhưng vẫn bị tróc",positive
"Mình mua 1 cái, khay chống dính bên trong bị bong tróc, đã phản ánh và được bảo hành đổi sản phẩm khác, nhưng khi sử dụng đc 1 lần thì khay vẫn bị bong tróc. Nồi chiên thật sự rất tiện lợi nhưng về chất lượng Sản phẩm của hãng thì đúng thật rất dở tệ",negative
"Mình mua 2 chiếc cho nhà mình và nhà chị mình. Nhận xét của mình là: lẫy nhựa trông như hàng gia công, chiên lần đầu có mùi nhựa khét, cái nhà chị mình chiên 1-2 lần bị bong ngay lớp chống dính. Thất vọng lắm. Làm thủ tục hoàn trả 1 cái thì mãi chả có ai đến lấy xong chán quá mình lôi ra xài thì hôm sau tiki cho người qua lấy. Hic, nói chung lần đầu tiên thất vọng với 1 sản phẩm của tiki.",negative
"Mình đặt hàng 27/4 hôm nay 28/4 đã nhận được hàng,nhưng sản phẩm không như mong đợi, test thử có mấy miếng khoai tây đặt nhiệt độ lên đến 200oC luôn nhưng 20phút khoai chỉ ấm ấm còn nguyên luôn không nóng và vàng gì hết, mình đã làm đi làm lại mấy lần nhưng vẫn ấm không nóng. Mình rất thất vọng, mong tiki có phản hồi sớm để mình được bảo hành đổi lại sản phẩm!",negative
"giao hàng nhanh, bọc gói cẩn thận. Hàng đẹp, chuẩn có đầy đủ giấy phiếu xuất kho bảo hành, dễ sử dụng.",positive
"Tạm ổn, nhưng chiên thức ăn theo hướng dẫn thì không chín hoặc chưa đủ độ chín, phải để nhiệt độ cao hơn hoặc thời gian dài hơn hướng dẫn sử dụng.",neutral
"Nồi mới mà bị xước rồi, yêu cầu tiki xử lí sớm",negative
"Sản phẩm được Tiki đóng gói cẩn thận, giao nhanh. Nồi chiên dùng cho các món ăn hàng ngày gọn, tiện (không nhanh lắm vì để chiên giòn thường phải mất 30-45 phút. Lớp chống dính của nồi không tốt lắm",neutral
"Mình đã mua 2 sản phẩm này, cái đầu mình dùng rất tốt, tuy nhiên cái sau mua đi tặng lại báo lỗi E1, Tiki đã hỗ trợ đổi sản phẩm mới giúp mình, quy trình xử lý khá nhanh",positive
Nồi không nướng được cá và gà. Nhiệt độ 200 độ trong vòng 40 mà miếng thịt còn tái mét. Đề nghị trả sản phẩm hoặc bảo hành. Cảm ơn!,negative
"Xài tốt, tiện lợi, đồ ăn ngon, đảm bảo sức khỏe vì không phải chiên dầu. Cần cân nhắc kỹ khi mua, vì lớp chống dính luôn dính vào đồ ăn, phải trải lớp giấy bạc bên dưới, ảnh hưởng đến nhiệt lượng tiếp xúc bên dưới.",positive
"Tiki kiểm tra giúp mình vì sao màn hình LCD bị mờ, có lúc tắt hết đèn, nồi mới mua dùng được vài lần đã vậy là sao nhỉ",negative
"Nồi chiên hoạt động tốt, giảm lượng dầu mỡ phải dùng hàng ngày. Tuy nhiên nhiệt độ có vẻ yếu, căn thời gian theo HDSD không đủ làm chín thức ăn, thường phải tăng 5-10' so với hướng dẫn",neutral
"Nồi thiết kế đẹp mắt, sang trọng. Dùng nồi tiết kiệm được nhiều thời gian. Điểm trừ là chiên xúc xích hoặc khoai tây thì hơi khô, mình vẫn cần phết dầu. Tóm lại, so với giá cả thì rất đáng. Tiki đóng gói cẩn thận, giao hàng rất đúng giờ.",positive
"Khi nhân viên giao hàng tới, không thấy hỏi hay có thủ tục để xác nhận đúng người nhận. Có trường hợp nhận nhầm. Dẫn đến thất lạc hàng hoá.",negative
"Hàng mua về, vừa khui thùng phía trong lòng đã rỉ sét! Chất liệu nhìn rất rẻ tiền, nhựa ko điều màu, các chi tiết không hề sắc sảo",negative
Hình như sản phẩm mình mua bị lỗi. Làm sao để liên hệ hỗ trợ ạ?,negative
"nồi chiên không vàng, chỉ ấm ấm, chiên rất lâu, vui lòng hiên hệ lại",negative
Thức ăn chiên nướng rất ít dầu vẫn ngon. Có nhiều chương trình nấu sẵn. Không sợ dầu văng làm bỏng và bẩn bếp. Mình lót giấy bạc mỗi lần nấu nên không cần rửa nhiều sau khi sử dụng. Tuy nhiên vẫn phải căn để lật mặt đố ăn cho chín và vàng đều.,positive
"Mua đợt sinh nhật tiki, hôm nay mới lấy ra dùng, bấm nút mở/tạm dừng mà không khởi động được, tiki làm ăn chán quá",negative
Theo mình nghĩ cũng là ít mỡ tốt sức khỏe nên mua lò nướng chứ chiên không dầu này thức ăn mềm không giòn nên là ăn không cảm thấy ngon. Gần như tất cả chế độ mang tính chất là hấp chín,negative
"Mình đánh giá cao chức năng, tuy nhiên lớp chống dính đã tróc sau 1 tháng sử dụng cần cải thiện vấn đề này. máy nướng thịt, khoai, cá ăn rất ngon và ít dầu mỡ",positive
Sản phẩm dùng được,neutral
"Gói kỹ , chưa dùng thử nên chưa đánh giá sâu hơn được",neutral
"Mình mới mua và dùng được vài lần. Đã thử rán đậu, nướng bánh đa, nướng mực, chiên gà... Cơ bản thấy ổn so với mức giá khuyến mãi (gần 2 triệu). Lâu dài chưa biết thế nào, tạm đánh giá 4 sao.",positive
Khá tiện lợi. Chạy không ồn. Tiếc là không có nút nguồn để bật tắt. Mỗi lần dùng xong là rút phích.,positive
"Sản phẩm tương đối tốt, đẹp, dễ sử dụng, món ăn ngon, vệ sinh sản phẩm dễ dàng. Điểm trừ duy nhất là lớp chống dính quá mỏng, mỗi lần chiên lại dính luôn vào thực phẩm, không biết có độc hại gì không",positive
Sao mình mua và nhận nồi ngày 19/3 mà đến giờ vẫn chưa nhận được quà tặng vậy. Trên quản lý đơn hàng lại thể hiện trạng thái: on hold. Không hiểu lý dó vì sao,negative
Sản phẩm như mô tả. ,neutral
"Hàng được đóng gói cẩn thận, có phiếu bảo hành, hướng dẫn sử dụng và dây điện kèm theo, còn độ bền thì phải chờ sau 1 thời gian sử dụng mới biết được",neutral
Mình đã dùng thử để chiên cá và gà nhưng thực sự thất vọng vì món ăn không vàng giòn như sách hướng dẫn. Sau vài lần như vậy hiện mình đang đóng hộp cất đi chứ không muốn dùng nữa,negative
"Giao hàng đóng gói cẩn thận, nồi thiết kế đẹp, hiện đại, mới sử dụng vài lần thấy cũng tiết kiệm thời gian và sạch sẽ. Lòng nồi hơi bé nên nếu chiên gà cả con chắc không vừa!",positive
Dùng rất thích mà giá lại hợp lý,positive
"vừa mới mua xong, chiên mẻ đầu tiên được khoảng 3' đã báo lỗi E1. cứ kêu bíp hoài không tắt. điện thoại đến hotline hỗ trợ mà cứ bảo đợi.",negative
"Máy dùng ổn, tuy nhiên dây rắc cắm điện bị lỏng nên mỗi lần dùng rất khó chịu. Mong nhận đc phản hồi",negative
Nồi chiên bị lỗi kỹ thuật không chạy được. Tiki liên hệ để bảo hành giúp mình với,negative
chất lượng thực phẩm sau khi nấu tạm chấp nhận được so với mức giá mua khi khuyến mãi. để dùng thêm 1 thời gian xem sao.,neutral
Quà khuyến mại không dùng được,negative
Nhận nồi nhưng nồi cắm điện không nóng. Vui lòng cho mình đổi sản phẩm,negative
"Tiki giao hàng rất nhanh, sản phẩm đúng như hình, tuy nhiên khay chiên nhìn hơi bị mỏng không biết lớp chống dính có dùng được lâu không.",neutral
mình đặt mua nhận máy ngày 20/3/2019 mà sao không có khuyến mãi bộ vá. trong khi giới thiệu sản phẩm lúc mua có. Hiện chưa sử dụng sản phẩm nên sẽ đánh giá sau,negative
"Sản phẩm xài ổn, phần vỏ nhựa không được cứng cáp",neutral
Giao hàng quá chậm trễ so với ngày hẹn.,negative
"Tuy lòng nồi phủ chống dính nhưng vẫn dính và sau vài lần sử dụng bị tróc lớp chống dính, và đương nhiên càng bị dính thức ăn, hãng lock & lock có tiếng nhưng nếu làm giá đựng bằng inox thì sản phảm hoàn hảo",negative
Sản phẩm chất lượng rất tốt,positive
"Sản phẩm xài tốt, có thể chỉnh nhiệt độ và thời gian tùy ý, có thể kiểm tra thực phẩm khi đang trong quá trình chiên.",positive
"Nói chung là được, sử dụng tốt, tuy nhiên phần khay nướng bị mỏng và chống dính không cao",neutral
"Lớp chống dính của nồi không tốt, chiên thì thường bị khét nên chà dễ tróc lớp chống dính. Giá hợp lý với thể tích nồi xài được cho 2 người ăn ít, tuy nhiên ai muốn mua nồi tốt, thể tích lớn thì không nên mua.",negative
"Nồi này nhỏ lắm mọi người nhé, nên mua nồi 5.2l trở lên.",neutral
"Em mới mua nồi được 2 ngày , về chiên nồi kêu rất to. Vui lòng tư vấn cách khắc phục hoặc hỗ trợ đổi cho em nha. Cảm ơn!",negative
"không hình dung được kích thước, chứ không thì mình mua loại 5.2l rồi",neutral
"Sản phẩm ở mức trung bình, phần nồi chiên có vẻ hơi mỏng, hoàn thiện chưa tốt dễ gãy. Nồi chiên ổn cho đồ ăn ngon ít dầu mỡ",neutral
"Dùng chiên ngon, giòn, hình thức đẹp. ",positive
Chất nhựa mép viền rổ chiên không chắc chắn lắm,negative
Lớp chống dính cực dởm . Lò đang kêu ầm ầm chưa biết bảo hành kiểu gì đây,negative
"Tiki đóng gói kỹ, nhưng dùng 1 thời gian thì dây cắm điện bị chập chờn, lúc được, lúc không",negative
"Thiết kế nồi rất sang trọng, gọn nhẹ phù hợp với căn bếp nhỏ. Bảng điện tử rất dễ sử dụng cho người lớn tuổi. Tuy nhiên lớp chống dính chưa được tốt lắm.",positive
Dùng ok đó nên mua,positive
mới dùng vài lần đã bị bong phần chống dính,negative
"Giao hàng nhanh, giá hợp lý",positive
"Sử dụng 1 thời gian mình thấy khá tốt trong tầm giá, đồ ăn chín đều, tiết kiệm thời gian, có điều khung nướng dễ tróc dính đồ ăn",positive
"Lớp chống dính mỏng, nên dùng giấy dầu.",neutral
"Đóng gói cẩn thận, nồi đẹp, vừa ý. Nhưng chưa sử dụng",positive
"Sản phẩm đẹp, tiki giao hàng nhanh, mình mới nấu thử món chả lá lốt và khoai tây chiên và cảm thấy hài lòng",positive
"Sản phẩm đúng như mô tả, đóng gói cẩn thận, giao nhanh. Nồi dễ sử dụng và rất tiện lợi chế biến món ăn. Độ bền thì chưa biết",positive
Hiện tại sử dụng bình thường. Kiểm tra ngoại quan thấy sản phẩm đúng như mô tả. Để dùng 1 thời gian mới biết được chất lượng thực tế,neutral
"Hàng đóng gói ok, sản phẩm tạm ổn. Khay bên trong hơi mỏng, mua lúc sale nên giá hỗ trợ ok",neutral
"Nồi chiên tốt, sử dụng thấy hài lòng.",positive
"Rất tiện lợi, nướng thịt, cá ngon. Tuy nhiên chống mà vẫn dính quá, nên vẫn phải xịt thêm dầu trước khi chiên, nướng. Dây nguồn hơi kém chất lượng, dễ hư hỏng do quá công suất.",negative
"độ chống dính không tốt, mọi người nên cân nhắc trước khi mua",negative
"giao hàng nhanh, đóng gói kĩ, đang sử dụng thấy ổn, tiện lợi",positive
"chất lượng sản phẩm ổn, hợp với giá tiền, tuy nhiên chiên một số thực phẩm hơi khô. Cần ướp gia vị và cho thêm chút dầu vào trước khi nấu",positive
Rất hài lòng về sản phẩm giao hành nhanh đóng gói cẩn thận chắc chắn,positive
Nhận được hàng háo hức lấy gà làm hơn 1 tiếng gà vẫn không chín haiz,negative
chất liệu chống dính rất tệ. mình dùng được chắc hơn 1 tháng mà lớp chống dính bị bong tróc ra. shop xem thế nào,negative
Không có hàng khuyến mại đi kèm,negative
"ok trong tầm giá, mua cái này phải để ý nó làm món gì ngon ",positive
"nồi thiết kế đẹp mắt, nút bấm điện tử hiện đại, vỉ lưới bên trong cũng cải tiến hơn so với model cũ. Tiki khuyến mãi giá tốt.",positive
"Mình thấy giảm giá nên mua, chưa dùng đến sản phẩm.",neutral
"Rất hài lòng về cách đóng gói và giao hàng của Tiki. Nồi sự dụng khá dễ dàng so với tưởng tượng, chiên gà cực thích, chỉ có hơi ổn khi sử dụng. Nói chung ok.",positive
Chiên rất lâu mới xong,negative
dùng được hơn tháng là lớp chống dính bong ra hết,negative
"giao hàng nhanh rất dễ sử dụng, đơn giản tiện lợi",positive
Dùng được vài lần thì lớp chống dính tróc rất nhiều. Tôi đã ngưng sử dụng sản phẩm. Các bạn nên tìm hiểu kĩ trước khi mua.,negative
"Sản phẩm chất lượng, đầy đủ phiếu bảo hành",positive
Nướng ngon nhưng dính nồi,positive
Xài 1 năm rồi vẫn ok,positive
"nồi dễ sử dụng vì có menu set sẵn cho từng món ăn, chiên gà ngon, da giòn, lên màu rất hấp dẫn tuy nhiên phải canh lật mặt vì không chín đều",positive
"Giao hàng nhanh, đóng gói kỹ, lòng chảo hơi mỏng",neutral
"không như mong đợi bật 200°c với 20p mà đậu không giòn gì cả chỉ hơi vàng tí, không biết phải hàng đểu hay như nào, cho 1* thôi",negative
"Nồi dùng khá ok nhưng phần lồng của nồi thì bị bong tróc sơn, khi nấu bám vào thức ăn, mỗi lần dùng phải lót 1 tấm giấy bạc ở dưới, rất bất tiện.",negative
Hàng chất lượng ! Mình luôn ủng hộ TiKi . Mong TiKi luôn giữ vững thương hiệu !,positive
Tay cầm bị trầy thì có đổi lại được không,neutral
"các bạn mình đã dùng và phản hồi tốt về nồi chiên này, nhưng không hiểu sao mình mới dùng được ba lần thôi mà đáy nồi đã bị bong tróc và ổ cắm điện không vào...",negative
"nắp nồi hơi lỏng, cằm không kỹ dễ bung ra",negative
Lớp chống dính không tốt ,negative
"Xài ổn, giao hàng nhanh, chiên hơi cực tý",positive
sản phẩm không tốt cho lắm. mua vé sử dụng 3 lần thì lòng nồi bị tróc lớp chống dính rồi. lần đầu tiên mua hàng trên Tiki bị thất vọng đến như vậy,negative
"Đóng gói cẩn thận, giao hàng nhanh",positive
Mua xong hư không thay linh kiện được,negative
quạt kêu to,negative
nồi dùng rất ok nha shop.,positive
"khay đồ chiên bên trong ngay lần đầu tiên sử dụng đã bị tróc lớp không dính 1 lỗ to bằng đầu ngón tay út, tthật sự không hài lòng.",negative
phần lòng nồi chống dính bị hỏng có phụ kiện thay thế không ạ?,negative
"chất chống dính của vỉ (lòng chiên) quá mỏng, chùi dễ bị chốt sơn, có hiện tượng bị rỉ sét",negative
"Nồi dùng tiện lợi, tuy nhiên các chị tiết bên trong không được đẹp lắm, nhìn như nồi gia công",negative
"Đặt ngày 19 giao 20, đã dùng thử cảm thấy ok",positive
Sản phẩm dùng tốt tuy nhiên phần lòng trong hơi lỏng lẻo,negative
"Nồi chiên bị lệch, lớp nhựa mấp mô, xấu xí. Lớp hàn lởm khởm. Nhìn như hàng nhái, hàng giả.",negative
"Hơi chán, không phải về Tiki mà là sản phẩm. Chiên chán, chả ngon",negative
"Nồi đẹp, chắc chắn, nút bấm nhạy, chiên khoai, sườn, thịt đều rất ok. Tiki giao hàng đối với sản phẩm này không nhanh lắm nhưng đóng gói rất cẩn thận.",positive
"Chất lượng tốt, giá cả vừa túi tiền, thức ăn phù hợp với người ăn kiêng ít dầu mỡ",positive
Không giống như quảng cáo và mẹ tôi phàn nàn rất nhiều. Tôi thực sự ko hài lòng. ,negative
"Nồi chiên rất ổn, chiên gà, khoai tây ngon. Tiki giao hàng nhanh, đóng gói cẩn thận, hài lòng",positive
"giao hàng nhanh, gói hàng kỹ, nói chung là ưng ý",positive
nhận hàng cũng an tâm vì lần này đúng mẫu. chưa xài nhưng có niềm tin tí,neutral
phần chống dính của giá để thức ăn không được tốt.,negative
"Tự nhiên được thử mấy món mới. Hàng ngon, giao nhanh",positive
Đã nhận hàng và dùng 4-5 lần thấy rất ưng ý. Cần thêm thời gian nữa xem sao.,positive